client_id,client_type,age_band,gender,region,signup_month,first_trip_date,last_trip_date,days_since_last_trip,lifetime_trips,trips_last_12m,lifetime_spend,spend_last_12m,avg_spend_per_trip,avg_lead_time_days,trips_one_way,trips_round_trip,trips_multi_leg,preferred_aircraft_category,nps_response,website_visits_last_30d
C-9E3933334860,Individual,55-64,F,Unknown,2017-02-01,2024-01-27,2026-01-03,28,8,5,295758.54,239577.47,36969.82,11.0,6,2,0,Heavy Jet,,4
C-BC0AE318081E,Individual,45-54,F,South,2017-02-01,2024-01-16,2026-01-28,3,15,8,329036.33999999997,204806.25,21935.76,2.2,11,4,0,Light Jet,,4
C-A9FCE5569FB0,Individual,55-64,F,Northeast,2017-02-01,2024-01-11,2026-01-30,1,18,7,623216.02,248379.81,34623.11,11.7,8,8,2,Light Jet,,6
C-F9F115E68234,Individual,65+,M,South,2023-10-01,2024-10-13,2024-10-13,475,1,0,12155.21,0.0,12155.21,26.0,1,0,0,Super Mid,,4
C-60BBF63644EA,Individual,45-54,M,West,2017-04-01,2024-04-26,2024-04-26,645,1,0,11572.57,0.0,11572.57,1.0,1,0,0,Light Jet,,5
C-60B8238DB936,Individual,45-54,M,International,2018-04-01,2024-01-07,2025-10-30,93,15,5,397021.7,115576.89,26468.11,2.5,10,5,0,Super Mid,,2
C-AB2780184487,Individual,65+,Unknown,South,2017-09-01,2024-01-01,2026-01-26,5,13,4,337469.82,81891.3,25959.22,16.0,9,4,0,Light Jet,,4
C-4249E8FF59DD,Business,55-64,Unknown,Midwest,2017-03-01,2024-12-28,2025-10-21,102,2,1,99674.8,39734.22,49837.4,84.0,1,1,0,Ultra Long Range,,6
C-03A5325CBAA5,Individual,45-54,F,South,2017-03-01,2025-02-15,2025-02-15,350,1,1,33249.38,33249.38,33249.38,24.0,1,0,0,Ultra Long Range,,5
C-E53039E69DF6,Individual,55-64,M,International,2017-04-01,2024-05-10,2025-08-02,182,7,5,276728.13,142541.29,39532.59,3.7,3,4,0,Midsize,,3
C-4B6A2D2217F6,Individual,45-54,M,West,,2024-12-22,2025-12-21,41,3,2,309203.92,195216.6,103067.97,70.3,0,1,2,Super Mid,,4
C-11D2194B10BE,Individual,45-54,M,West,2017-06-01,2024-02-09,2025-09-22,131,15,4,345647.16,139047.98,23043.14,13.3,3,5,7,Heavy Jet,,4
C-6D45F12B810C,Individual,45-54,F,South,2017-05-01,2024-02-24,2025-10-16,107,3,1,118555.52,51062.58,39518.51,17.0,0,3,0,Heavy Jet,,3
C-E00840F0DA31,Individual,25-34,M,Unknown,2020-10-01,2024-05-20,2026-01-15,16,17,15,317700.19,275738.26,18688.25,7.3,4,13,0,Midsize,,6
C-8C5AF2D4D544,Individual,25-34,M,West,2017-06-01,2024-02-07,2026-01-05,26,17,14,465379.68,419460.26,27375.28,17.0,3,13,1,Heavy Jet,6.0,5
C-54CFB0FFBDEF,Individual,45-54,M,South,2017-12-01,2025-07-07,2025-12-25,37,2,2,95523.1,95523.1,47761.55,,1,0,1,Midsize,,4
C-6B5426D1B303,Individual,35-44,M,Midwest,2017-12-01,2025-01-04,2025-07-20,195,3,2,54840.28,39428.73,18280.09,21.7,1,2,0,Ultra Long Range,,4
C-365E13C27F2F,Individual,55-64,M,South,2019-10-01,2024-01-08,2026-01-05,26,6,1,334563.54000000004,75032.72,55760.59,22.8,1,5,0,Super Mid,10.0,6
C-7FF3A20A9F5B,Business,35-44,M,Midwest,2017-10-01,2025-01-06,2025-01-23,373,2,0,40913.490000000005,0.0,20456.75,,1,1,0,Midsize,,1
C-46635D2F94A7,Business,25-34,Unknown,South,2020-11-01,2024-12-29,2024-12-29,398,1,0,14163.72,0.0,14163.72,60.0,1,0,0,Heavy Jet,,4
C-925D10FE0824,Individual,65+,M,West,2017-10-01,2024-05-09,2026-01-30,1,12,6,321535.91000000003,156449.76,26794.66,12.3,0,6,6,Midsize,1.0,7
C-91AE29C41CB1,Business,45-54,F,Northeast,2024-08-01,2024-10-20,2025-11-29,63,7,4,123747.43,79627.7,17678.2,20.0,7,0,0,Light Jet,2.0,3
C-F30CC9522C5B,Individual,45-54,M,South,2017-10-01,2024-11-01,2025-12-19,43,7,5,104622.70999999999,64465.5,14946.1,31.7,2,4,1,Midsize,,3
C-16CBAF4FC375,Individual,35-44,M,South,2017-10-01,2024-05-05,2025-05-30,246,3,1,42546.14,14541.8,14182.05,4.0,3,0,0,Midsize,,3
C-449D9A653335,Individual,45-54,M,South,2017-10-01,2024-05-03,2025-09-24,129,8,5,148334.99,89240.64,18541.87,40.2,8,0,0,Super Mid,,3
C-BFCBCEE2A6CE,Individual,45-54,M,Northeast,2017-10-01,2024-05-16,2025-11-09,83,3,1,31999.25,9547.1,10666.42,14.7,3,0,0,Super Mid,,5
C-C09240461E00,Individual,35-44,M,South,2017-10-01,2024-02-15,2025-02-19,346,6,1,127144.09,20317.25,21190.68,10.7,3,3,0,Light Jet,,3
C-C558C90ED5B6,Individual,55-64,M,Northeast,2017-10-01,2025-04-26,2025-06-16,229,2,2,18776.35,18776.35,9388.17,24.0,2,0,0,Heavy Jet,2.0,6
C-C5E2113ED173,Business,35-44,Unknown,South,2017-10-01,2025-06-09,2025-11-07,85,5,5,107140.07,107140.07,21428.01,28.8,2,3,0,Heavy Jet,,5
C-F47E4D093301,Individual,45-54,F,South,2017-10-01,2024-05-02,2025-12-29,33,4,2,95210.98,34321.23,23802.74,12.8,2,2,0,Midsize,3.0,4
C-B503CA07D6F8,Individual,45-54,F,West,2017-10-01,2024-03-20,2025-06-22,223,8,2,91916.61,24314.41,11489.58,13.2,8,0,0,Midsize,6.0,3
C-C40E490F7863,Business,65+,M,South,2017-10-01,2024-02-29,2025-10-22,101,9,3,281952.43,93145.48,31328.05,31.4,9,0,0,Heavy Jet,,4
C-6B4BC563C24E,Individual,45-54,M,Midwest,2017-10-01,2024-03-22,2024-03-22,680,2,0,19335.46,0.0,9667.73,28.0,2,0,0,Midsize,4.0,7
C-D050FD002E3C,Individual,35-44,M,Midwest,2017-10-01,2024-01-03,2026-01-22,9,17,6,428557.89,128445.58,25209.29,5.1,2,15,0,Super Mid,7.0,3
C-3DA724771B8A,Individual,55-64,M,West,2017-10-01,2024-01-21,2025-12-01,61,11,5,147362.82,71119.06,13396.62,9.5,10,1,0,Light Jet,8.0,2
C-78649EA06DD1,Individual,35-44,Unknown,Northeast,2017-10-01,2024-02-18,2026-01-21,10,43,29,1793313.55,1345419.61,41704.97,8.1,20,19,4,Midsize,,4
C-7D6E8BA83586,Individual,45-54,M,Midwest,2017-10-01,2024-03-03,2025-12-04,58,19,9,411680.53,198768.95,21667.4,14.4,6,12,1,Midsize,,1
C-064D7C596273,Business,25-34,F,South,2017-11-01,2024-03-17,2024-03-17,685,1,0,27954.7,0.0,27954.7,3.0,0,1,0,Light Jet,1.0,3
C-FDECDE3D192A,Business,25-34,Unknown,South,2017-04-01,2024-05-31,2025-12-04,58,11,6,461779.7,218529.3,41979.97,34.6,5,5,1,Heavy Jet,,4
C-7FA07AB899B4,Individual,45-54,F,South,2018-06-01,2024-01-04,2025-06-17,228,6,2,421250.41000000003,83148.46,70208.4,48.3,2,3,1,Light Jet,,4
C-20486661CD68,Individual,55-64,M,West,,2024-05-01,2025-10-30,93,3,2,36975.479999999996,24911.13,12325.16,9.7,3,0,0,Midsize,,2
C-A80C7F1DE4F3,Business,45-54,,South,2018-06-01,2024-06-09,2025-08-25,159,4,2,117666.2,57785.0,29416.55,11.8,1,3,0,Light Jet,6.0,2
C-D6DB560E9A96,Individual,45-54,M,Northeast,2017-12-01,2025-03-14,2025-04-22,284,2,2,54521.46,54521.46,27260.73,42.5,0,2,0,Midsize,0.0,5
C-619BD33806DE,Individual,45-54,M,Unknown,2017-12-01,2024-03-31,2025-11-30,62,7,6,91083.37,78612.82,13011.91,6.3,5,2,0,Heavy Jet,8.0,5
C-18C8214AAF4B,Individual,35-44,,Midwest,2017-12-01,2024-02-21,2025-02-06,359,3,1,130342.1,47393.87,43447.37,,0,3,0,Midsize,,4
C-F9D378E038EE,Individual,35-44,M,Northeast,2019-12-01,2024-01-01,2025-12-28,34,5,2,258520.13999999998,108097.33,51704.03,40.4,2,3,0,Heavy Jet,7.0,5
C-F5FA98B39466,Individual,45-54,M,South,2017-12-01,2024-10-29,2025-07-26,189,3,1,100110.38,34796.23,33370.13,1.7,2,1,0,Light Jet,4.0,3
C-6FF28AD4D3B5,Individual,55-64,M,Midwest,2018-01-01,2024-04-03,2025-10-13,110,5,3,185675.8,104234.08,37135.16,10.8,2,3,0,Light Jet,,3
C-F85B7E21B40D,Individual,55-64,M,Northeast,2023-04-01,2024-04-26,2024-07-23,557,2,0,29132.53,0.0,14566.26,37.0,1,1,0,Heavy Jet,,3
C-D6D2A5E93453,Individual,25-34,M,South,2018-06-01,2024-04-19,2024-09-12,506,3,0,46938.46,0.0,15646.15,21.0,2,1,0,Super Mid,6.0,2
C-E1674EC6FE54,Individual,55-64,M,South,2018-03-01,2024-05-02,2024-05-02,639,1,0,29677.64,0.0,29677.64,90.0,0,1,0,Super Mid,,3
C-1A10ABB99AE2,Individual,45-54,F,Midwest,2018-06-01,2024-02-04,2026-01-27,4,50,30,1270686.29,723352.78,25413.73,18.4,28,20,2,Midsize,,2
C-72D2D23822C9,Individual,45-54,F,West,2018-10-01,2024-03-09,2024-03-09,693,1,0,69284.64,0.0,69284.64,44.0,0,1,0,Midsize,2.0,2
C-0547D1C59C73,Individual,55-64,M,Midwest,2024-10-01,2024-10-04,2024-10-04,484,1,0,72634.17,0.0,72634.17,56.0,0,0,1,Heavy Jet,3.0,4
C-4F77C526CE80,Business,55-64,M,Midwest,2018-04-01,2024-06-06,2024-09-26,492,2,0,19663.739999999998,0.0,9831.87,18.0,2,0,0,Midsize,9.0,7
C-2A6BE45F972D,Individual,55-64,M,Northeast,2018-06-01,2024-08-04,2025-04-07,299,3,2,83083.51000000001,63646.22,27694.5,43.0,0,3,0,Midsize,,4
C-805A3D22D499,Individual,35-44,M,Northeast,,2024-03-06,2025-12-30,32,13,3,336157.43,164790.06,25858.26,,10,3,0,Super Mid,9.0,3
C-DB48C63C569B,Business,45-54,Unknown,Northeast,2018-05-01,2024-01-26,2024-11-23,434,15,0,473989.61,0.0,31599.31,6.8,9,4,2,Midsize,,4
C-E8D53A71C2A8,Individual,55-64,M,South,2018-05-01,2024-02-26,2025-12-12,50,14,5,255173.59,68224.17,18226.69,20.1,10,4,0,Super Mid,,2
C-6D143B0AC871,Individual,55-64,Unknown,Northeast,2018-05-01,2024-07-13,2025-12-02,60,6,3,106161.25,50406.65,17693.54,59.3,6,0,0,Super Mid,,2
C-E44DE51A0E29,Individual,45-54,M,West,2018-05-01,2024-02-20,2024-12-12,415,2,0,35067.0,0.0,17533.5,12.5,2,0,0,Midsize,0.0,2
C-C413EC61D9E5,Individual,45-54,M,West,2018-05-01,2024-03-21,2025-04-11,295,6,1,205704.09,39524.71,34284.02,,2,4,0,Ultra Long Range,,5
C-E8D1400CE20A,Individual,35-44,F,Midwest,2018-07-01,2024-07-02,2024-07-02,578,1,0,96375.58,0.0,96375.58,6.0,0,1,0,Super Mid,,5
C-ABC7971D50D1,Individual,35-44,F,Northeast,2018-06-01,2024-08-20,2025-09-08,145,11,10,134218.45,97931.79,12201.68,31.1,8,3,0,Ultra Long Range,,3
C-1946B8279B9C,Individual,55-64,F,West,2024-05-01,2024-05-10,2024-05-10,631,1,0,10920.63,0.0,10920.63,28.0,1,0,0,Heavy Jet,,0
C-CA21CF4C6E18,Individual,65+,F,West,,2024-01-03,2025-11-26,66,8,2,346973.72,80771.31,43371.72,72.1,7,1,0,Midsize,,2
C-7B8658B1B8B9,Individual,45-54,M,Northeast,2024-04-01,2024-08-15,2026-01-31,0,5,4,119568.27,84323.95,23913.65,73.6,3,2,0,Super Mid,,7
C-30AE7706BBC7,Individual,55-64,F,West,2022-03-01,2024-01-05,2025-12-15,47,14,8,239235.31,141791.42,17088.24,10.7,6,8,0,Light Jet,,3
C-3F55EB66DDC6,Individual,55-64,M,South,2019-05-01,2024-03-16,2024-03-19,683,3,0,61118.7,0.0,20372.9,0.0,3,0,0,Light Jet,2.0,6
C-AAA4EFD0041B,Individual,45-54,F,Northeast,2018-11-01,2024-02-19,2025-10-31,92,2,1,52166.24,22379.32,26083.12,3.5,2,0,0,Super Mid,9.0,5
C-32FAEA1F7AD2,Individual,55-64,M,South,2018-11-01,2024-09-14,2024-09-14,504,1,0,18565.29,0.0,18565.29,9.0,0,1,0,Super Mid,,7
C-B92DA224C49A,Individual,65+,F,Northeast,2018-11-01,2024-01-05,2026-01-12,19,40,19,1871796.99,902100.46,46794.92,40.0,4,34,2,Midsize,,4
C-E014CCF87753,Individual,45-54,M,Northeast,2024-11-01,2025-01-18,2025-04-18,288,2,1,62788.7,37266.13,31394.35,39.0,0,2,0,Ultra Long Range,,1
C-3D9A8D06D7F8,Individual,65+,M,West,2019-01-01,2025-02-05,2025-02-05,360,1,1,29381.13,29381.13,29381.13,4.0,1,0,0,Light Jet,,2
C-DFEBABC16E7F,Individual,25-34,M,International,2019-01-01,2024-04-20,2025-10-23,100,10,9,197061.21,181038.36,19706.12,9.2,6,3,1,Midsize,,3
C-5A41C7C973AD,Individual,55-64,F,West,2019-01-01,2024-11-22,2024-11-22,435,1,0,39446.24,0.0,39446.24,7.0,0,0,1,Light Jet,,2
C-55A014620D9C,Individual,45-54,M,West,2019-02-01,2024-01-25,2025-11-08,84,24,11,319477.86,161232.1,13311.58,6.0,22,1,1,Midsize,2.0,2
C-6D7B2FE3A3D4,Business,45-54,M,Northeast,2022-02-01,2024-02-14,2024-10-11,477,4,0,118552.28,0.0,29638.07,10.2,0,4,0,Ultra Long Range,,1
C-A92D7BFC4E36,Business,45-54,M,West,2019-03-01,2024-03-11,2026-01-14,17,9,4,196381.87,84778.73,21820.21,10.8,7,2,0,Midsize,,0
C-53FB44C6B913,Individual,25-34,M,South,2019-03-01,2025-01-03,2025-02-13,352,2,1,27485.129999999997,12183.22,13742.56,19.5,2,0,0,Midsize,10.0,4
C-6429FB5DB100,Individual,45-54,F,South,2019-03-01,2025-05-21,2025-05-21,255,1,1,14359.4,14359.4,14359.4,,1,0,0,Midsize,6.0,3
C-DCAEDCB7D913,Individual,55-64,M,Northeast,2019-04-01,2024-09-16,2025-06-10,235,2,1,27343.65,11706.26,13671.82,5.0,1,1,0,Heavy Jet,,4
C-66A0EE939642,Individual,65+,,Northeast,2019-04-01,2024-01-23,2026-01-28,3,107,54,2559251.79,1469475.02,23918.24,7.2,53,49,5,Ultra Long Range,1.0,5
C-29476028F299,Business,35-44,M,South,,2024-04-15,2025-04-02,304,4,1,107348.61,7149.17,26837.15,9.8,4,0,0,Midsize,,4
C-4045C4D996C9,Individual,35-44,M,South,2019-04-01,2024-05-12,2025-06-27,218,2,1,418294.1,239597.0,209147.05,4.0,2,0,0,Midsize,6.0,6
C-2737DF406670,Individual,45-54,F,South,2020-08-01,2024-12-22,2024-12-22,405,1,0,15153.49,0.0,15153.49,32.0,0,1,0,Heavy Jet,,8
C-24142FCF9406,Business,55-64,Unknown,Unknown,2019-08-01,2024-09-20,2024-09-20,498,1,0,20449.07,0.0,20449.07,3.0,1,0,0,Heavy Jet,0.0,4
C-435FC9BB3817,Business,45-54,F,Northeast,2019-05-01,2024-01-22,2025-10-27,96,23,10,528003.73,206489.73,22956.68,11.0,2,5,16,Light Jet,6.0,2
C-CA384772D16C,Business,35-44,Unknown,Northeast,2019-06-01,2025-09-11,2025-09-20,133,2,2,88287.43,88287.43,44143.72,9.5,1,1,0,Midsize,,2
C-73D3515D4814,Individual,55-64,F,South,2019-05-01,2024-04-16,2025-11-09,83,3,2,81572.39,55168.19,27190.8,9.0,0,3,0,Super Mid,,4
C-3631E691E0B8,Individual,45-54,M,West,2019-06-01,2024-01-21,2026-01-06,25,15,5,225185.09,88725.28,15012.34,27.3,14,1,0,Light Jet,3.0,1
C-BB1E6462DFF0,Individual,55-64,Unknown,South,2019-06-01,2024-02-21,2025-11-06,86,18,6,735634.11,288998.3,40868.56,6.4,14,4,0,Midsize,1.0,0
C-CC3CC0F3DA29,Individual,35-44,Unknown,South,2020-11-01,2024-05-29,2024-12-11,416,2,0,27867.79,0.0,13933.9,,0,2,0,Ultra Long Range,,4
C-C798D2B1DFE6,Individual,45-54,M,Northeast,2019-10-01,2024-11-27,2025-12-02,60,5,3,300656.5,179677.93,60131.3,46.0,4,1,0,Ultra Long Range,,2
C-80ACF41EAE2B,Individual,45-54,M,South,2019-07-01,2025-06-29,2025-11-16,76,5,5,89427.73,89427.73,17885.55,18.2,1,4,0,Super Mid,7.0,3
C-8920A7D3B6D7,Individual,35-44,F,South,2020-06-01,2024-10-18,2024-10-18,470,1,0,37973.36,0.0,37973.36,2.0,1,0,0,Midsize,,5
C-D071A3A88D46,Individual,45-54,M,South,2019-07-01,2025-06-29,2025-12-23,39,4,4,75715.47,75715.47,18928.87,28.8,3,1,0,Midsize,5.0,3
C-B130713213F0,Individual,45-54,M,South,2019-09-01,2024-04-12,2024-04-12,659,2,0,21039.36,0.0,10519.68,71.0,0,2,0,Light Jet,,4
C-B7A8EFF37CA2,Individual,45-54,M,South,2020-12-01,2024-03-07,2024-09-16,502,3,0,49379.9,0.0,16459.97,4.0,0,3,0,Ultra Long Range,,6
C-8C7ED3CD92CA,Individual,45-54,M,Northeast,2023-08-01,2024-05-19,2024-05-27,614,2,0,46068.41,0.0,23034.2,,1,1,0,Ultra Long Range,,1
C-FD355524FAC7,Individual,35-44,F,West,2019-09-01,2024-03-16,2025-08-27,157,9,5,156893.04,80526.22,17432.56,,4,5,0,Heavy Jet,,6
C-E456D5FDE28A,Individual,45-54,F,Northeast,2021-12-01,2024-11-27,2025-05-22,254,3,1,70235.0,25478.38,23411.67,14.0,1,2,0,Heavy Jet,,3
C-6FAFFC670AAF,Individual,45-54,F,Northeast,2021-06-01,2024-02-27,2024-08-22,527,2,0,37605.88,0.0,18802.94,24.0,2,0,0,Midsize,4.0,8
C-C74E3AC43A36,Individual,35-44,,South,2019-10-01,2024-01-04,2024-09-16,502,2,0,57900.44,0.0,28950.22,27.5,1,1,0,Heavy Jet,,2
C-6D8E3475631E,Individual,45-54,M,International,2024-05-01,2024-05-29,2025-08-21,163,13,5,183007.62,51709.77,14077.51,9.2,11,2,0,Light Jet,8.0,1
C-F3292236F9DC,Individual,55-64,M,Northeast,2021-10-01,2024-06-09,2025-06-05,240,2,1,42558.66,25694.06,21279.33,13.5,2,0,0,Light Jet,,5
C-A8CE8CD27129,Business,65+,Unknown,South,2020-10-01,2024-02-15,2025-10-23,100,12,8,262215.37,174929.41,21851.28,40.6,1,11,0,Light Jet,,5
C-E465ED8F4BCD,Individual,45-54,M,West,2019-12-01,2024-08-28,2026-01-10,21,7,5,103245.5,62369.91,14749.36,27.9,3,4,0,Light Jet,1.0,8
C-788B65502A5A,Individual,45-54,F,South,2019-10-01,2024-08-25,2024-08-25,524,1,0,32567.97,0.0,32567.97,11.0,1,0,0,Light Jet,9.0,4
C-E4E51F43D06B,Individual,45-54,M,Northeast,2021-10-01,2024-05-07,2025-10-25,98,21,7,442076.52,117070.26,21051.26,15.8,15,6,0,Super Mid,,2
C-DA99F4193323,Individual,25-34,M,Northeast,2025-03-01,2025-03-08,2025-03-08,329,1,1,9712.12,9712.12,9712.12,8.0,1,0,0,Light Jet,,0
C-5FB60A472B3C,Individual,45-54,F,Midwest,2019-11-01,2024-04-04,2025-11-22,70,4,2,77003.99,38901.75,19251.0,11.0,4,0,0,Midsize,7.0,5
C-471FB20CC4CA,Individual,45-54,M,Northeast,2025-02-01,2025-02-17,2025-08-17,167,3,3,36244.35,36244.35,12081.45,1.7,1,2,0,Light Jet,,2
C-C19876CDE91C,Business,65+,Unknown,West,2019-12-01,2024-01-09,2026-01-15,16,73,36,1765298.84,1027581.88,24182.18,13.2,23,40,10,Ultra Long Range,,2
C-292B2FDEFB6D,Individual,45-54,Other,Unknown,2019-12-01,2024-01-12,2026-01-25,6,40,21,1546995.63,663665.91,38674.89,,27,13,0,Midsize,10.0,4
C-EEBBD242415B,Individual,55-64,M,South,2020-01-01,2024-05-16,2024-05-16,625,1,0,21058.45,0.0,21058.45,0.0,1,0,0,Super Mid,,4
C-6D02A9D3AB40,Business,45-54,,South,2020-01-01,2025-06-15,2025-09-11,142,2,2,31157.729999999996,31157.73,15578.86,59.5,1,1,0,Super Mid,,3
C-5DF3FCEC1903,Individual,35-44,M,Northeast,2020-06-01,2024-08-30,2024-08-30,519,1,0,9730.57,0.0,9730.57,0.0,1,0,0,Midsize,2.0,3
C-46E6D6AAF09E,Individual,55-64,Unknown,Northeast,2020-01-01,2025-10-22,2025-10-22,101,1,1,80768.36,80768.36,80768.36,50.0,0,1,0,Light Jet,,0
C-7629149B8DD8,Individual,55-64,M,Northeast,2020-01-01,2024-05-23,2025-11-30,62,4,3,59321.06,42228.07,14830.26,20.8,4,0,0,Heavy Jet,,2
C-1A29995E47E4,Individual,55-64,M,Midwest,2020-02-01,2024-02-14,2025-02-10,355,6,1,90969.4,10881.74,15161.57,8.5,4,2,0,Heavy Jet,5.0,4
C-EE5F2AA81B93,Individual,35-44,,West,2020-02-01,2024-12-13,2024-12-13,414,1,0,43547.48,0.0,43547.48,11.0,0,1,0,Super Mid,,1
C-0E9F5CD508D2,Individual,65+,F,West,2020-03-01,2024-03-13,2025-09-13,140,13,5,223267.64,95530.25,17174.43,27.6,10,3,0,Light Jet,,5
C-802B9F144E52,Individual,35-44,M,South,2020-03-01,2024-01-03,2025-07-10,205,8,1,164622.68,18349.32,20577.84,11.6,7,1,0,Midsize,,4
C-0B8C8B7D0CBF,Individual,55-64,F,Midwest,2020-02-01,2024-01-02,2025-12-27,35,12,7,229674.27,143725.95,19139.52,10.0,6,6,0,Midsize,10.0,3
C-5741E1D98473,Individual,65+,Other,International,2023-10-01,2024-06-23,2025-06-21,224,2,1,84566.23,40660.35,42283.12,96.5,2,0,0,Light Jet,8.0,9
C-F531CC713BD6,Business,35-44,M,Midwest,2020-04-01,2024-01-16,2025-05-04,272,9,3,296005.29000000004,104038.88,32889.48,32.8,3,6,0,Super Mid,7.0,1
C-1AD0800F3D6E,Business,35-44,M,South,2020-01-01,2024-08-31,2026-01-27,4,46,32,1147473.54,843304.9,24945.08,10.1,18,26,2,Super Mid,10.0,8
C-EEA1EFB04A2B,Individual,45-54,Unknown,West,2021-03-01,2024-01-27,2024-01-27,735,1,0,5883.56,0.0,5883.56,0.0,1,0,0,Midsize,,3
C-26D3220E976F,Individual,45-54,M,South,2020-10-01,2025-06-09,2025-12-24,38,4,4,67427.06,67427.06,16856.76,,1,3,0,Midsize,,2
C-525CE9AA1347,Individual,35-44,F,South,2020-06-01,2025-02-14,2025-02-14,351,1,1,14601.45,14601.45,14601.45,0.0,1,0,0,Midsize,,6
C-83A1A0534879,Individual,45-54,M,South,2020-03-01,2024-01-31,2026-01-23,8,22,13,987406.53,641024.99,44882.12,6.9,13,9,0,Light Jet,,2
C-F0265B83F792,Individual,35-44,M,West,2020-03-01,2025-11-12,2025-11-12,80,1,1,25810.26,25810.26,25810.26,29.0,0,1,0,Light Jet,,7
C-37F6D8FBD99D,Individual,55-64,F,West,2020-04-01,2024-04-16,2024-04-16,655,1,0,18289.42,0.0,18289.42,20.0,1,0,0,Midsize,,4
C-F95CAD2AE259,Individual,35-44,M,South,2020-04-01,2024-06-19,2026-01-02,29,12,10,260955.26,218604.81,21746.27,,10,2,0,Heavy Jet,,2
C-90F748654B1B,Individual,65+,M,Northeast,2020-04-01,2024-03-10,2025-12-28,34,13,7,218683.35,124012.96,16821.8,6.1,11,2,0,Midsize,,3
C-C7591381E5C9,Individual,35-44,M,Northeast,2020-06-01,2024-02-25,2025-09-24,129,12,8,669610.0,404275.98,55800.83,33.8,4,8,0,Light Jet,,1
C-9A59908043DB,Individual,45-54,M,Northeast,2020-04-01,2024-03-16,2025-03-14,323,5,2,77276.54000000001,27490.3,15455.31,89.2,2,3,0,Midsize,9.0,7
C-F83B27C97C18,Individual,55-64,M,South,2020-06-01,2024-01-28,2024-05-04,637,2,0,54457.79,0.0,27228.9,0.0,2,0,0,Ultra Long Range,,4
C-DD5F7B987761,Individual,35-44,M,Northeast,,2024-10-15,2024-10-15,473,1,0,22647.65,0.0,22647.65,,1,0,0,Light Jet,,5
C-1C676B5BCB4C,Individual,45-54,Unknown,West,2020-05-01,2024-01-15,2026-01-29,2,19,6,294320.0,100354.13,15490.53,6.9,18,1,0,Midsize,,5
C-618A057E8A45,Business,65+,M,South,,2024-01-12,2024-03-11,691,2,0,84671.14,0.0,42335.57,100.0,0,2,0,Ultra Long Range,,4
C-2813CC425657,Individual,35-44,M,South,2020-09-01,2024-05-31,2025-09-12,141,5,2,113704.0,64273.41,22740.8,16.6,4,1,0,Super Mid,,6
C-CA7E1AADCEE2,Individual,45-54,M,Northeast,2020-09-01,2024-07-18,2025-11-16,76,4,3,40108.45,30596.46,10027.11,26.0,3,1,0,Midsize,,6
C-D2E2AFEC2B9E,Individual,45-54,F,International,2020-05-01,2024-03-02,2026-01-21,10,6,3,136219.19,76707.13,22703.2,13.0,5,1,0,Super Mid,,6
C-378A5B658ADC,Individual,55-64,M,West,2020-05-01,2024-01-04,2024-01-04,758,1,0,48063.72,0.0,48063.72,16.0,1,0,0,Super Mid,9.0,6
C-3BB577340556,Individual,35-44,,West,2021-12-01,2025-01-11,2025-01-11,385,1,0,36663.47,0.0,36663.47,0.0,1,0,0,Light Jet,,2
C-D6B8B9DEB496,Individual,35-44,M,Northeast,2020-05-01,2024-08-26,2025-09-24,129,3,2,53966.55,38642.59,17988.85,8.0,2,1,0,Light Jet,,9
C-2C6D9C451069,Individual,55-64,M,Northeast,2021-12-01,2024-05-09,2024-12-22,405,2,0,56354.27,0.0,28177.14,21.0,2,0,0,Heavy Jet,,9
C-A15FAE81F0DD,Individual,45-54,M,South,2020-05-01,2024-01-24,2025-10-18,105,5,2,47891.79,20771.66,9578.36,11.6,5,0,0,Light Jet,,9
C-5506BADD2AEB,Individual,45-54,M,West,2020-06-01,2024-08-10,2025-12-19,43,7,5,136381.97,96192.62,19483.14,33.0,4,3,0,Super Mid,,1
C-3CC4DEE18ACA,Individual,55-64,M,International,2020-05-01,2024-04-11,2025-10-27,96,3,1,66190.47,16467.3,22063.49,4.3,2,1,0,Light Jet,,6
C-7E66B1E99465,Individual,45-54,M,West,2020-06-01,2025-05-23,2025-05-23,253,1,1,13262.75,13262.75,13262.75,5.0,0,1,0,Heavy Jet,0.0,2
C-61B9F92BEC3F,Individual,45-54,F,Midwest,2020-05-01,2024-11-02,2025-01-14,382,2,0,18610.98,0.0,9305.49,3.5,1,1,0,Midsize,10.0,3
C-E96715293AD4,Individual,45-54,M,West,2020-05-01,2024-03-16,2025-10-27,96,6,2,176756.22,51842.15,29459.37,16.7,4,2,0,Heavy Jet,,4
C-8178A5496B4D,Individual,35-44,M,South,2020-06-01,2024-01-07,2025-12-02,60,15,5,437799.97,153736.78,29186.66,35.1,2,13,0,Super Mid,8.0,5
C-0A51B1E5F422,Individual,65+,M,Midwest,2020-06-01,2024-07-24,2026-01-16,15,9,7,155435.09,107236.09,17270.57,16.4,8,1,0,Light Jet,,4
C-E7F34A13EE08,Individual,55-64,F,South,2020-06-01,2024-06-15,2025-10-24,99,8,4,148227.41999999998,71472.58,18528.43,,6,2,0,Midsize,,5
C-66944B0B3D1E,Individual,35-44,M,Northeast,2020-06-01,2024-05-21,2025-11-06,86,10,6,297396.78,180563.89,29739.68,14.3,6,4,0,Midsize,,4
C-CE3D9BCC30B5,Individual,55-64,M,South,2020-06-01,2024-01-23,2024-06-16,594,3,0,131181.65,0.0,43727.22,2.3,1,2,0,Light Jet,,4
C-62C06293F18A,Individual,35-44,M,South,2020-06-01,2024-01-02,2024-12-19,408,2,0,97433.56,0.0,48716.78,45.5,1,1,0,Light Jet,4.0,5
C-7FB9FD1B34F9,Individual,55-64,F,Northeast,2020-07-01,2024-06-21,2025-07-02,213,3,2,106322.98,33620.28,35440.99,9.0,1,0,2,Midsize,7.0,2
C-95E0C42DB413,Individual,55-64,M,South,2020-06-01,2024-07-12,2025-07-09,206,4,2,34959.5,13800.82,8739.88,19.0,4,0,0,Light Jet,7.0,2
C-196275BAA6E5,Individual,35-44,M,Northeast,2020-06-01,2024-06-25,2024-06-25,585,1,0,14753.31,0.0,14753.31,16.0,0,1,0,Super Mid,,1
C-83369575DBC8,Individual,55-64,F,Northeast,2021-01-01,2026-01-24,2026-01-24,7,1,1,18611.1,18611.1,18611.1,0.0,1,0,0,Ultra Long Range,,10
C-33A9DEF43681,Individual,55-64,F,South,2020-07-01,2024-08-10,2024-11-10,447,2,0,25220.1,0.0,12610.05,3.0,1,1,0,Midsize,,3
C-D15A08A0F8A1,Business,55-64,Unknown,South,2020-08-01,2024-05-02,2025-11-05,87,8,4,216995.15,117909.17,27124.39,21.2,4,3,1,Ultra Long Range,8.0,3
C-857FC18B01B9,Individual,65+,F,Northeast,2020-06-01,2024-05-02,2025-04-23,283,3,1,62997.3,18382.9,20999.1,23.0,3,0,0,Super Mid,,3
C-28F2CF73EC05,Individual,45-54,M,Northeast,2020-06-01,2024-05-11,2026-01-14,17,9,6,236442.03,188813.16,26271.34,14.0,3,6,0,Midsize,,3
C-9406A67169F7,Individual,35-44,M,West,2020-07-01,2024-05-17,2024-09-28,490,5,0,71562.76,0.0,14312.55,4.0,4,0,1,Midsize,,2
C-23D31CCA7555,Individual,35-44,M,West,2020-07-01,2024-01-11,2025-12-08,54,4,1,228365.63,76758.97,57091.41,15.2,1,3,0,Heavy Jet,7.0,1
C-A7445EA1C432,Business,35-44,M,Midwest,2020-07-01,2024-06-25,2025-05-28,248,3,1,65459.46,23998.39,21819.82,,3,0,0,Midsize,,8
C-7ECBA53DF899,Individual,45-54,M,West,2020-07-01,2024-01-22,2025-06-13,232,22,8,606860.75,90147.49,27584.58,6.4,19,3,0,Light Jet,7.0,2
C-CCBDFB795845,Individual,55-64,Unknown,Northeast,2021-08-01,2024-11-07,2025-07-19,196,3,2,152355.4,103948.19,50785.13,58.7,0,3,0,Super Mid,,4
C-444BF4726BD4,Individual,45-54,M,West,2020-07-01,2024-08-05,2024-08-05,544,2,0,68267.64,0.0,34133.82,7.0,0,2,0,Heavy Jet,5.0,3
C-A29B6233E691,Individual,55-64,M,South,2025-04-01,2025-04-11,2025-04-11,295,1,1,16728.55,16728.55,16728.55,1.0,1,0,0,Ultra Long Range,1.0,3
C-00D3F6CC841B,Individual,45-54,M,South,2022-03-01,2024-03-10,2025-12-05,57,10,4,270179.43,135388.39,27017.94,20.3,4,6,0,Light Jet,4.0,6
C-A784B27170E8,Individual,65+,Unknown,West,2020-12-01,2024-02-03,2025-09-10,143,7,3,98192.17,37054.93,14027.45,4.1,6,1,0,Heavy Jet,0.0,5
C-EB8E5F2BE674,Business,45-54,M,Northeast,2020-07-01,2024-05-17,2026-01-06,25,6,4,97531.34,69603.73,16255.22,43.7,6,0,0,Midsize,,6
C-7514718DC925,Individual,65+,M,West,2020-07-01,2025-09-07,2025-09-07,146,1,1,21076.84,21076.84,21076.84,52.0,1,0,0,Midsize,,4
C-355BB14A9600,Business,55-64,M,Midwest,2020-07-01,2024-05-15,2025-09-19,134,16,5,528346.1,277985.66,33021.63,2.9,10,6,0,Midsize,,1
C-13D667A1C6C4,Individual,35-44,,Midwest,2020-11-01,2024-04-26,2025-11-11,81,4,2,86965.57,41583.33,21741.39,32.8,4,0,0,Light Jet,,4
C-DE4E22CCF0E4,Business,35-44,Unknown,International,2020-07-01,2024-01-03,2026-01-23,8,69,35,1632704.27,807019.17,23662.38,8.6,42,21,6,Heavy Jet,,5
C-117B12A665E0,Individual,55-64,Unknown,Northeast,2020-08-01,2024-03-21,2024-03-21,681,1,0,126813.21,0.0,126813.21,13.0,1,0,0,Light Jet,,3
C-F0D61DF64B49,Individual,45-54,M,South,2021-02-01,2024-10-29,2025-11-20,72,5,3,130948.12,78801.81,26189.62,65.0,0,5,0,Super Mid,,3
C-93AC5F4F3B5F,Business,55-64,Unknown,Northeast,2020-07-01,2025-04-17,2025-12-26,36,2,2,36671.119999999995,36671.12,18335.56,15.5,2,0,0,Light Jet,,6
C-804BE5CB9C70,Business,55-64,Unknown,Northeast,2020-10-01,2025-05-09,2025-08-15,169,2,2,74860.54000000001,74860.54,37430.27,22.0,2,0,0,Midsize,9.0,6
C-E17702BE6974,Individual,45-54,F,West,,2024-05-22,2025-11-21,71,4,2,123160.26000000001,58969.79,30790.06,23.2,4,0,0,Midsize,10.0,4
C-8329A959F452,Individual,35-44,M,West,2020-08-01,2025-02-01,2025-02-01,364,1,1,12717.59,12717.59,12717.59,5.0,1,0,0,Light Jet,,4
C-5872286EE43B,Individual,35-44,M,West,2020-10-01,2024-05-16,2025-12-20,42,19,9,488972.25,258561.73,25735.38,64.3,15,4,0,Heavy Jet,0.0,3
C-812C4DA60342,Individual,45-54,M,Northeast,2020-08-01,2024-05-10,2025-10-16,107,2,1,26118.47,18806.41,13059.24,24.5,1,1,0,Midsize,,4
C-86BB8A2DC846,Business,55-64,Unknown,South,2020-07-01,2024-11-14,2025-06-25,220,2,1,42770.26,15304.92,21385.13,1.0,1,1,0,Light Jet,,5
C-0DDBEA7D533F,Individual,45-54,M,Northeast,2020-08-01,2024-07-15,2025-12-04,58,8,3,179262.91999999998,52891.68,22407.86,12.2,4,4,0,Light Jet,,3
C-71C462D1EC88,Individual,35-44,M,South,2020-10-01,2024-10-17,2025-10-19,104,2,1,59358.79,29384.75,29679.4,22.5,2,0,0,Heavy Jet,4.0,2
C-DF45591AD0A5,Individual,45-54,M,Midwest,2020-08-01,2024-12-28,2025-12-28,34,3,2,176759.94999999998,101421.27,58919.98,8.0,3,0,0,Light Jet,,3
C-F2174A16E888,Business,45-54,Unknown,Northeast,2021-04-01,2024-01-22,2026-01-20,11,12,6,301791.57,157349.93,25149.3,79.5,12,0,0,Light Jet,,10
C-2F9F981D6BDF,Business,35-44,M,South,2020-09-01,2024-02-14,2025-12-03,59,23,13,519804.67,317665.19,22600.2,19.3,12,11,0,Midsize,3.0,4
C-2EA8011393B8,Individual,45-54,M,South,2022-03-01,2024-05-13,2026-01-27,4,10,4,178527.77000000002,86081.7,17852.78,14.3,7,3,0,Light Jet,,5
C-1BCF6225499C,Individual,45-54,Unknown,West,2020-08-01,2024-01-02,2026-01-28,3,11,5,224730.44,113071.79,20430.04,8.9,6,5,0,Light Jet,,7
C-2E6111028CA6,Individual,35-44,M,West,2025-05-01,2025-05-15,2025-05-15,261,1,1,37567.5,37567.5,37567.5,17.0,0,1,0,Heavy Jet,,3
C-0C954C03D08B,Individual,55-64,M,Northeast,2020-09-01,2024-07-30,2025-02-02,363,6,1,156154.21,4180.01,26025.7,34.6,3,3,0,Light Jet,,3
C-4666ADD2A68E,Individual,55-64,M,South,2020-10-01,2024-06-03,2025-01-14,382,2,0,40139.82,0.0,20069.91,8.0,1,1,0,Heavy Jet,8.0,4
C-76F3BCAD56CD,Individual,55-64,F,Northeast,2020-09-01,2024-04-10,2024-11-14,443,4,0,75840.54,0.0,18960.13,12.0,1,3,0,Midsize,,6
C-71A6A1F3641F,Individual,55-64,M,South,2024-08-01,2024-08-19,2024-08-19,530,1,0,9787.19,0.0,9787.19,,1,0,0,Midsize,,3
C-02C93C0FC884,Individual,35-44,F,West,2022-09-01,2024-02-06,2025-10-15,108,7,2,244299.93,85321.84,34899.99,16.9,7,0,0,Midsize,6.0,2
C-DC7B91AFB504,Individual,35-44,F,West,2020-12-01,2024-01-07,2025-12-18,44,6,3,86426.67,53404.41,14404.44,24.3,3,3,0,Super Mid,,5
C-174A5235584C,Individual,55-64,Unknown,Northeast,2021-05-01,2024-09-12,2026-01-16,15,14,8,376307.75,234678.31,26879.12,6.8,5,8,1,Light Jet,,4
C-F83A3499ADED,Individual,55-64,F,South,2020-09-01,2024-01-06,2026-01-20,11,28,15,722786.68,393821.28,25813.81,38.3,14,14,0,Super Mid,,6
C-F19A67A0A398,Individual,55-64,M,Unknown,2020-11-01,2024-02-04,2024-11-04,453,2,0,58837.560000000005,0.0,29418.78,,1,1,0,Midsize,7.0,4
C-C698B3DD0905,Individual,65+,M,Northeast,2021-07-01,2025-04-26,2025-04-26,280,1,1,10166.3,10166.3,10166.3,,0,1,0,Light Jet,,5
C-02600851F076,Business,55-64,Unknown,West,2020-10-01,2024-06-27,2025-11-27,65,5,3,145086.48,81693.03,29017.3,63.8,0,5,0,Heavy Jet,,3
C-21069867DE64,Individual,55-64,M,South,2020-10-01,2024-05-08,2025-11-15,77,3,1,77534.01999999999,40177.64,25844.67,15.3,0,2,1,Light Jet,,6
C-93EAC760EAB6,Individual,55-64,M,Northeast,2020-11-01,2024-02-09,2024-05-08,633,2,0,52317.880000000005,0.0,26158.94,20.0,2,0,0,Light Jet,,3
C-71BD85308326,Business,55-64,,South,2020-12-01,2024-02-04,2025-08-30,154,4,2,160637.84999999998,65032.89,40159.46,13.2,4,0,0,Midsize,,2
C-10CCC10E021F,Individual,45-54,F,Northeast,2020-10-01,2024-05-17,2024-09-23,495,3,0,63388.49,0.0,21129.5,19.0,2,1,0,Super Mid,8.0,1
C-0F755124CE22,Individual,55-64,M,Unknown,2021-01-01,2024-02-16,2025-11-15,77,7,2,188628.06,93295.82,26946.87,2.9,4,2,1,Light Jet,,2
C-6125553A250D,Individual,35-44,M,Northeast,2020-12-01,2024-05-08,2025-12-06,56,8,5,174200.73,116798.46,21775.09,53.2,6,2,0,Light Jet,,2
C-C59A265160F0,Individual,45-54,M,South,2020-11-01,2025-10-15,2025-10-15,108,1,1,23824.77,23824.77,23824.77,12.0,1,0,0,Ultra Long Range,5.0,3
C-9CD766274470,Individual,45-54,M,South,2022-01-01,2024-02-17,2025-03-07,330,3,1,79466.69,20617.93,26488.9,42.7,1,2,0,Heavy Jet,7.0,3
C-1B96C1FB2430,Individual,45-54,M,Northeast,2022-09-01,2024-01-09,2024-12-08,419,21,0,960950.36,0.0,45759.54,8.0,7,11,3,Light Jet,,2
C-F629470DAFCB,Individual,65+,M,South,2020-11-01,2024-09-13,2024-09-13,505,2,0,14665.84,0.0,7332.92,18.0,2,0,0,Heavy Jet,,2
C-02AD0BFB1C9C,Individual,25-34,M,South,2021-01-01,2024-02-01,2026-01-25,6,7,2,161993.47,42335.59,23141.92,88.4,5,2,0,Midsize,,6
C-BF37A0651F6F,Individual,55-64,Unknown,West,2020-10-01,2024-07-17,2025-12-22,40,5,3,114043.79999999999,75110.26,22808.76,14.6,4,1,0,Ultra Long Range,,1
C-42B4769FF12A,Individual,35-44,M,Northeast,2020-11-01,2024-01-06,2025-09-28,125,7,4,177661.82,71154.76,25380.26,27.0,3,4,0,Heavy Jet,7.0,1
C-4672A3C8ED38,Individual,45-54,Unknown,South,2022-01-01,2024-07-09,2025-07-25,190,4,1,71047.6,19279.79,17761.9,3.8,4,0,0,Heavy Jet,,4
C-70C03766E9A4,Individual,55-64,M,Midwest,2020-11-01,2024-12-07,2025-10-15,108,3,2,94172.36,32834.77,31390.79,58.3,0,3,0,Midsize,,3
C-211F60C5F135,Individual,45-54,F,South,2020-10-01,2024-01-10,2026-01-18,13,13,5,316276.8,117821.15,24328.98,38.1,6,6,1,Super Mid,1.0,6
C-29FD0275EF66,Business,35-44,Unknown,International,2020-10-01,2024-06-24,2024-06-24,586,1,0,16895.43,0.0,16895.43,4.0,0,1,0,Super Mid,,5
C-C03BFF232D30,Individual,35-44,M,South,2020-12-01,2025-01-18,2026-01-12,19,2,1,33561.54,18202.01,16780.77,7.5,2,0,0,Midsize,,5
C-1F2885B43C79,Individual,55-64,F,Midwest,2020-12-01,2024-06-09,2026-01-31,0,4,3,67348.03,48813.33,16837.01,4.2,2,2,0,Ultra Long Range,,0
C-F906EFBE3C7C,Business,35-44,Unknown,West,2021-01-01,2024-04-06,2026-01-25,6,18,15,644529.81,552522.89,35807.21,12.1,13,5,0,Midsize,7.0,3
C-FD42328EF055,Individual,45-54,M,Midwest,2020-11-01,2024-01-28,2025-05-23,253,4,1,54105.96,11068.78,13526.49,30.2,4,0,0,Midsize,5.0,3
C-09C5E91378C7,Business,45-54,M,Unknown,2020-11-01,2024-06-18,2024-06-18,592,1,0,20946.92,0.0,20946.92,25.0,0,1,0,Heavy Jet,,3
C-45DB807DD8DD,Individual,45-54,M,South,2020-12-01,2024-03-29,2025-10-17,106,8,4,103598.86,59790.35,12949.86,8.2,6,2,0,Midsize,,5
C-B3CE20B131CC,Individual,65+,F,Unknown,2024-10-01,2024-10-14,2024-10-14,474,1,0,7602.66,0.0,7602.66,3.0,0,1,0,Ultra Long Range,,6
C-9B16AC16D5A0,Business,55-64,Unknown,Northeast,2020-11-01,2025-01-20,2025-01-20,376,1,0,84000.04,0.0,84000.04,17.0,0,1,0,Ultra Long Range,,9
C-EC6D906CBCC0,Individual,25-34,F,Northeast,2020-12-01,2025-12-07,2025-12-07,55,1,1,18500.96,18500.96,18500.96,24.0,1,0,0,Light Jet,,7
C-DE8928C5EFDD,Individual,45-54,M,Northeast,2020-11-01,2024-04-17,2025-09-12,141,4,2,96105.24,49366.71,24026.31,31.5,1,3,0,Super Mid,,1
C-1A08723DD6E8,Individual,45-54,F,Northeast,2020-11-01,2024-04-24,2025-12-10,52,13,8,244959.08000000002,164690.62,18843.01,7.2,13,0,0,Super Mid,,2
C-7351AE9283C9,Individual,55-64,M,South,2021-12-01,2024-05-19,2025-10-13,110,8,6,223571.13,143878.8,27946.39,31.2,5,3,0,Midsize,2.0,4
C-A309A5E9CD20,Individual,35-44,M,Northeast,2021-01-01,2024-06-16,2025-12-11,51,7,3,162202.16,61053.56,23171.74,10.3,6,1,0,Light Jet,,1
C-D061F7E18BB2,Individual,45-54,M,Northeast,2020-12-01,2024-10-17,2025-12-11,51,7,6,179113.84999999998,153417.02,25587.69,41.3,4,3,0,Ultra Long Range,,3
C-9E06C631C707,Business,55-64,M,West,2021-10-01,2025-03-15,2026-01-31,0,8,8,189917.86,189917.86,23739.73,5.6,8,0,0,Light Jet,8.0,4
C-C9930F59822D,Individual,55-64,M,Midwest,2020-12-01,2024-02-19,2024-04-25,646,2,0,40998.979999999996,0.0,20499.49,3.0,2,0,0,Midsize,,1
C-905F8835C026,Individual,35-44,M,Northeast,2020-12-01,2024-03-17,2024-03-17,685,1,0,81295.63,0.0,81295.63,20.0,0,1,0,Ultra Long Range,,2
C-C79E25D4C3D2,Individual,45-54,F,South,2020-12-01,2024-04-06,2025-09-29,124,5,3,121176.02,81653.73,24235.2,,4,1,0,Light Jet,,0
C-B0B28D56B5DA,Individual,45-54,M,South,,2025-05-18,2025-05-27,249,2,2,41254.89,41254.89,20627.44,9.5,2,0,0,Midsize,,1
C-2C60776ADA75,Individual,45-54,M,South,2020-12-01,2024-03-30,2025-12-04,58,6,3,121668.91,57157.84,20278.15,24.2,4,2,0,Midsize,,2
C-6FF5C7C9637B,Business,65+,M,South,2020-12-01,2024-12-23,2024-12-23,404,1,0,22105.28,0.0,22105.28,10.0,0,1,0,Ultra Long Range,,7
C-83FBB6D4F94A,Individual,55-64,M,Northeast,2020-12-01,2024-03-19,2024-03-19,683,4,0,13698.05,0.0,3424.51,,4,0,0,Heavy Jet,,3
C-A987B3599D99,Individual,35-44,M,South,2021-01-01,2024-03-23,2024-11-29,428,2,0,73804.08,0.0,36902.04,5.5,0,2,0,Super Mid,,4
C-DC1620222AAD,Individual,55-64,M,Unknown,2020-12-01,2024-01-09,2025-12-30,32,16,10,402816.17,235714.86,25176.01,15.9,2,14,0,Super Mid,0.0,2
C-171AFEECE70B,Individual,65+,M,Northeast,2020-12-01,2024-03-08,2025-11-24,68,15,6,436530.89,199625.87,29102.06,12.6,10,4,1,Midsize,,5
C-E195EA6BB297,Business,55-64,Unknown,Northeast,2020-12-01,2025-06-30,2025-11-08,84,3,3,67041.99,67041.99,22347.33,122.7,2,1,0,Super Mid,5.0,5
C-348DA4017C1A,Individual,35-44,M,Northeast,2020-12-01,2024-01-25,2025-05-11,265,10,2,85078.75,21650.17,8507.88,4.2,9,1,0,Super Mid,0.0,3
C-DBC31A8B6003,Individual,45-54,M,South,2020-12-01,2024-02-17,2024-02-17,714,2,0,23590.839999999997,0.0,11795.42,3.0,0,2,0,Super Mid,,3
C-E356852D2671,Individual,55-64,M,Northeast,2020-12-01,2025-02-23,2025-02-23,342,1,1,21824.0,21824.0,21824.0,7.0,1,0,0,Heavy Jet,,6
C-A207A2C3AD1B,Individual,35-44,F,West,2020-12-01,2025-01-20,2025-01-20,376,1,0,16421.66,0.0,16421.66,12.0,1,0,0,Heavy Jet,,6
C-A5314CFCA48E,Individual,55-64,M,Northeast,2020-12-01,2025-01-14,2025-10-14,109,2,1,62834.8,12115.89,31417.4,4.0,1,1,0,Heavy Jet,,8
C-B7A04E328611,Individual,55-64,M,Northeast,2021-01-01,2025-01-28,2025-11-13,79,2,1,42325.17,22642.5,21162.58,0.0,2,0,0,Super Mid,,4
C-D3B82C1A8C5A,Individual,35-44,M,Unknown,2021-01-01,2024-06-03,2025-12-23,39,5,3,58080.590000000004,33877.57,11616.12,27.0,5,0,0,Light Jet,,4
C-9506B976C650,Individual,45-54,M,Midwest,2021-02-01,2024-01-03,2026-01-24,7,15,7,269031.81,109221.65,17935.45,10.8,4,10,1,Midsize,,4
C-334EF391711F,Individual,18-24,M,West,2021-02-01,2024-02-15,2025-11-17,75,3,1,57392.45,20784.81,19130.82,40.0,1,2,0,Light Jet,10.0,5
C-A1AF01EB4FDE,Individual,35-44,M,Northeast,2021-02-01,2024-02-02,2025-06-08,237,6,4,171397.19,100211.74,28566.2,18.5,3,3,0,Light Jet,,5
C-EEFE1F6CAFDD,Individual,45-54,M,West,2021-02-01,2024-02-22,2024-02-22,709,2,0,27626.01,0.0,13813.0,34.0,0,2,0,Light Jet,,4
C-FB83E56A2FC9,Individual,35-44,M,South,2021-03-01,2024-01-31,2025-11-13,79,5,3,67848.70999999999,45591.74,13569.74,7.6,2,3,0,Super Mid,9.0,8
C-A55D0C02CCA4,Business,65+,Unknown,Northeast,2021-02-01,2025-05-12,2025-11-02,90,3,3,45229.1,45229.1,15076.37,44.0,3,0,0,Super Mid,5.0,3
C-F5A8468B93D5,Individual,35-44,F,South,2023-04-01,2024-02-16,2025-02-21,344,4,1,64954.89,34464.65,16238.72,9.0,1,2,1,Light Jet,5.0,1
C-12A1F46DA89E,Individual,45-54,F,Northeast,2022-04-01,2024-01-21,2024-01-26,736,3,0,66484.20999999999,0.0,22161.4,3.7,0,1,2,Light Jet,,5
C-189B2326FACE,Individual,45-54,F,Northeast,2021-03-01,2025-02-07,2026-01-10,21,6,6,71398.05,71398.05,11899.68,22.0,4,1,1,Midsize,1.0,3
C-40D0B028AD97,Individual,65+,Unknown,South,2021-03-01,2025-09-16,2025-09-16,137,1,1,20703.95,20703.95,20703.95,8.0,1,0,0,Midsize,,1
C-74DE46E9FD47,Business,25-34,M,Unknown,2021-03-01,2024-05-17,2024-11-17,440,11,0,182443.26,0.0,16585.75,58.6,6,5,0,Light Jet,,4
C-7F0CCBD767B9,Business,55-64,M,Midwest,2021-03-01,2024-04-10,2025-12-02,60,5,2,65459.45,29556.95,13091.89,13.4,0,4,1,Midsize,,5
C-910B10838654,Individual,45-54,M,West,2021-05-01,2024-02-14,2025-11-26,66,6,3,183583.12,67578.91,30597.19,29.2,2,3,1,Midsize,,2
C-7DE63B77DC23,Individual,35-44,M,Northeast,2021-04-01,2024-01-24,2024-09-26,492,12,0,391380.63,0.0,32615.05,1.3,1,9,2,Midsize,,5
C-B91318E8D8B4,Individual,55-64,F,Midwest,2021-04-01,2024-01-02,2025-07-27,188,14,9,378772.39,236135.53,27055.17,12.7,3,6,5,Midsize,,4
C-9303D6285F32,Individual,45-54,M,South,2024-05-01,2024-05-18,2025-06-14,231,2,1,30583.399999999998,9976.73,15291.7,21.0,1,1,0,Light Jet,,2
C-C0986952699C,Business,35-44,Unknown,West,2021-04-01,2024-01-09,2025-07-14,201,10,2,248801.12,69018.2,24880.11,10.4,2,8,0,Super Mid,,2
C-AF21923AF6B8,Individual,45-54,M,South,2024-11-01,2024-11-25,2025-12-04,58,2,1,49531.72,38843.61,24765.86,8.5,0,2,0,Midsize,,2
C-6DBE726C2783,Individual,45-54,Unknown,West,2024-07-01,2024-07-23,2025-08-22,162,6,3,174577.71,115200.71,29096.28,18.8,1,5,0,Super Mid,,10
C-1BE4A69E7817,Individual,45-54,M,South,2021-05-01,2024-06-21,2025-05-17,259,4,3,111277.0,60117.63,27819.25,67.0,0,3,1,Light Jet,,3
C-63BD05BDB7B0,Individual,55-64,M,Midwest,2021-06-01,2025-01-16,2025-01-16,380,1,0,38655.19,0.0,38655.19,1.0,1,0,0,Midsize,,7
C-30126706647D,Business,65+,F,International,2021-05-01,2024-01-22,2025-11-10,82,9,3,250423.58000000002,95468.84,27824.84,54.8,0,9,0,Light Jet,,4
C-9A3DC1F529D2,Business,35-44,M,South,2021-04-01,2024-01-24,2024-02-14,717,3,0,23458.8,0.0,7819.6,8.7,3,0,0,Light Jet,3.0,2
C-B0D886D89DC6,Individual,65+,M,Northeast,2021-05-01,2024-05-17,2025-12-01,61,6,2,117096.06,38432.99,19516.01,18.7,5,1,0,Super Mid,,2
C-8BBC9550D376,Individual,25-34,M,Unknown,2021-05-01,2024-08-01,2025-10-24,99,6,4,172484.02,136920.94,28747.34,24.8,2,4,0,Super Mid,,3
C-FE715131575F,Individual,45-54,F,Northeast,2021-06-01,2024-02-10,2026-01-16,15,8,3,276730.3,87960.91,34591.29,33.0,5,3,0,Super Mid,,3
C-63364DE471C1,Business,55-64,F,Midwest,2021-06-01,2024-07-20,2025-11-10,82,9,5,196253.93,103219.3,21805.99,24.7,7,2,0,Super Mid,6.0,5
C-FBEC59D990ED,Individual,45-54,M,Northeast,2021-05-01,2024-04-02,2025-12-26,36,7,5,167588.69,109739.79,23941.24,14.1,5,2,0,Light Jet,0.0,4
C-00177FAD017D,Individual,45-54,M,Northeast,2021-06-01,2024-05-04,2025-12-12,50,6,3,152812.94,71687.81,25468.82,8.5,4,2,0,Midsize,,5
C-354576EBFEF6,Business,45-54,Unknown,South,2022-06-01,2024-01-03,2024-10-28,460,7,0,128040.18,0.0,18291.45,4.4,1,4,2,Midsize,,4
C-39D97CEBF88B,Individual,45-54,M,South,2022-11-01,2024-10-13,2025-10-12,111,2,1,33452.36,11844.29,16726.18,4.0,2,0,0,Midsize,,2
C-766D048B06C1,Individual,45-54,M,West,2021-06-01,2024-01-04,2024-10-11,477,3,0,32959.15,0.0,10986.38,38.0,1,2,0,Heavy Jet,,2
C-D23383FFE83B,Business,55-64,M,Northeast,2021-05-01,2024-01-30,2025-05-21,255,5,2,121233.03,39952.45,24246.61,12.4,4,1,0,Midsize,,7
C-2A960CA07C0E,Individual,55-64,M,Northeast,2023-05-01,2024-03-20,2026-01-16,15,7,1,1367900.6,133906.9,195414.37,8.0,5,0,2,Light Jet,,1
C-D136E92D272B,Individual,45-54,F,Northeast,2021-06-01,2024-07-01,2024-07-01,579,1,0,19057.7,0.0,19057.7,60.0,0,1,0,Super Mid,5.0,5
C-4459498879DC,Individual,55-64,M,Northeast,2021-07-01,2024-02-22,2025-12-28,34,6,4,287305.24,167824.24,47884.21,43.5,0,6,0,Super Mid,1.0,3
C-FEB9EA35ACB4,Individual,55-64,M,Midwest,2025-04-01,2025-04-21,2025-04-21,285,1,1,31573.91,31573.91,31573.91,,1,0,0,Light Jet,0.0,2
C-13ADB1F772E7,Individual,55-64,F,Unknown,2021-06-01,2024-05-11,2025-10-10,113,5,1,122089.53,28321.2,24417.91,14.4,1,4,0,Light Jet,,5
C-371396F2B8B1,Business,55-64,M,Northeast,2021-08-01,2025-08-19,2025-08-19,165,1,1,29679.98,29679.98,29679.98,118.0,1,0,0,Super Mid,8.0,5
C-FDFB7D3ADCE7,Business,35-44,Unknown,Midwest,2021-09-01,2024-06-22,2025-10-25,98,6,5,257104.96000000002,199821.49,42850.83,29.7,0,6,0,Ultra Long Range,,4
C-B517A5BFB26F,Individual,45-54,M,West,2021-08-01,2025-06-12,2025-06-12,233,1,1,20017.35,20017.35,20017.35,,0,1,0,Ultra Long Range,,2
C-702590258E3E,Individual,55-64,Unknown,Northeast,2021-07-01,2024-01-21,2024-05-27,614,3,0,92468.75,0.0,30822.92,10.0,0,3,0,Midsize,6.0,6
C-36CE2C841D77,Individual,55-64,M,International,2021-10-01,2024-06-17,2024-06-17,593,1,0,72883.04,0.0,72883.04,29.0,0,1,0,Midsize,,0
C-E3C376DFFFA2,Individual,45-54,F,South,2021-07-01,2024-01-13,2025-11-22,70,9,4,209786.81,91629.35,23309.65,93.6,2,7,0,Light Jet,,3
C-DC6526147019,Business,45-54,Unknown,South,2021-07-01,2024-01-02,2026-01-19,12,34,21,561943.25,341006.77,16527.74,3.6,31,3,0,Super Mid,,6
C-5C206B586B72,Individual,55-64,M,Midwest,2023-10-01,2024-06-01,2025-12-10,52,11,7,237493.0,158812.12,21590.27,20.3,3,8,0,Light Jet,,3
C-D2D456A99789,Individual,45-54,,Northeast,2022-08-01,2025-03-26,2025-03-26,311,1,1,16008.08,16008.08,16008.08,2.0,0,1,0,Ultra Long Range,7.0,3
C-87509AC631F0,Individual,55-64,Unknown,Midwest,2021-08-01,2024-01-07,2025-12-23,39,54,33,1628189.65,1047334.83,30151.66,10.1,12,35,7,Midsize,,4
C-56D757E7742E,Individual,45-54,M,Midwest,2021-08-01,2024-01-06,2025-12-23,39,6,4,230486.59,155818.92,38414.43,21.2,3,3,0,Midsize,,5
C-EBAC51A5E2F7,Individual,45-54,F,South,2021-08-01,2024-01-02,2025-12-17,45,16,7,237448.33,93550.14,14840.52,12.6,14,2,0,Midsize,,2
C-D37D9CF4D016,Individual,55-64,F,Midwest,,2024-05-24,2025-08-26,158,4,2,132858.8,70100.68,33214.7,18.8,4,0,0,Heavy Jet,,2
C-F035CFAE8753,Individual,55-64,M,Northeast,2021-08-01,2024-06-30,2024-06-30,580,1,0,34265.82,0.0,34265.82,14.0,1,0,0,Light Jet,,5
C-BFD64C32AE25,Individual,55-64,M,Northeast,2021-09-01,2024-06-10,2024-11-22,435,2,0,104829.05,0.0,52414.52,15.0,0,1,1,Midsize,8.0,4
C-CC70AD148A2B,Individual,65+,M,West,2021-10-01,2024-06-23,2024-06-23,587,3,0,44929.99,0.0,14976.66,19.0,0,3,0,Super Mid,5.0,5
C-ABEAAF9D4297,Business,45-54,F,International,,2024-01-14,2026-01-27,4,70,43,2282181.26,1384547.71,32602.59,15.0,48,20,2,Super Mid,,4
C-950CC8279B4E,Individual,55-64,F,South,2021-10-01,2025-01-12,2025-11-19,73,2,1,91753.86,29243.72,45876.93,19.0,0,2,0,Heavy Jet,4.0,9
C-66EC017B07BD,Individual,45-54,,Northeast,2021-10-01,2024-01-02,2026-01-29,2,26,11,1477799.54,688159.09,56838.44,27.8,5,20,1,Heavy Jet,,8
C-1DB5D4C99669,Individual,55-64,M,West,2021-10-01,2024-01-02,2026-01-23,8,13,7,409622.09,210656.41,31509.39,14.0,4,7,2,Heavy Jet,2.0,5
C-8E70D4A33C9B,Individual,45-54,M,West,2021-10-01,2025-07-30,2025-12-12,50,3,3,145751.78,145751.78,48583.93,3.0,3,0,0,Midsize,9.0,4
C-4A40D8D5C841,Individual,45-54,F,West,2021-11-01,2024-01-18,2026-01-16,15,7,3,100823.33,35422.43,14403.33,13.8,7,0,0,Super Mid,,7
C-F4F5F667A593,Individual,55-64,,South,2021-10-01,2024-03-24,2025-11-23,69,7,4,107368.44,49836.37,15338.35,25.3,3,4,0,Midsize,,8
C-C74FFDFD70B0,Individual,35-44,F,South,2021-10-01,2024-01-24,2024-01-24,738,1,0,39307.88,0.0,39307.88,1.0,1,0,0,Super Mid,,3
C-028AE8326DCE,Individual,65+,,Northeast,2021-10-01,2025-04-13,2025-04-13,293,2,2,51558.2,51558.2,25779.1,10.0,0,2,0,Ultra Long Range,,5
C-BA29D97D4FAC,Individual,35-44,M,West,2021-10-01,2024-03-24,2024-07-27,553,3,0,211525.3,0.0,70508.43,23.0,0,2,1,Heavy Jet,,4
C-FB55394C5D9F,Individual,35-44,M,South,2021-10-01,2024-05-02,2024-10-13,475,3,0,59825.19,0.0,19941.73,5.3,3,0,0,Ultra Long Range,,10
C-03728EEB927F,Business,55-64,Unknown,South,2022-09-01,2024-05-23,2025-11-22,70,11,5,207707.78,97787.63,18882.53,6.0,6,3,2,Midsize,4.0,7
C-9B1685B9F772,Individual,55-64,M,International,2023-02-01,2024-01-04,2026-01-06,25,6,4,107469.57,71860.6,17911.6,25.7,6,0,0,Light Jet,,0
C-25D2C5B9C234,Individual,55-64,M,South,2021-11-01,2024-02-19,2025-12-14,48,9,3,283534.34,132773.04,31503.82,15.0,3,6,0,Heavy Jet,3.0,3
C-F44E0F0FEE4E,Individual,55-64,M,Unknown,2024-01-01,2024-03-17,2025-10-03,120,11,4,255033.19,116439.55,23184.84,7.7,6,4,1,Midsize,,3
C-A249915FD5E2,Individual,45-54,,West,2021-11-01,2024-03-16,2026-01-26,5,13,8,316903.92,217848.32,24377.22,,8,5,0,Super Mid,9.0,5
C-E6A0474EE2BF,Business,35-44,Unknown,Midwest,2021-12-01,2024-01-08,2025-08-25,159,12,6,674810.23,383238.28,56234.19,14.9,4,3,5,Light Jet,,3
C-2DEA8D42670A,Individual,45-54,M,South,2021-12-01,2024-03-08,2025-10-11,112,8,4,137066.32,67648.88,17133.29,21.4,1,7,0,Heavy Jet,5.0,5
C-962EFCA3116F,Individual,45-54,M,South,2021-11-01,2024-07-19,2025-10-06,117,8,3,352721.02999999997,93967.03,44090.13,35.9,3,4,1,Super Mid,10.0,3
C-090709104ECF,Individual,55-64,M,West,2024-04-01,2024-06-03,2025-07-23,192,4,2,148243.76,70453.78,37060.94,8.2,4,0,0,Super Mid,,5
C-E13B40F2F241,Business,45-54,Unknown,Midwest,2021-12-01,2024-03-08,2025-05-11,265,6,3,248819.26,99998.5,41469.88,17.5,1,5,0,Heavy Jet,,4
C-58C54BCCA7E7,Business,35-44,Unknown,West,2022-01-01,2024-01-08,2026-01-08,23,22,5,935178.23,205497.97,42508.1,35.4,5,15,2,Midsize,,4
C-FF4B886817B0,Individual,45-54,M,South,2021-11-01,2025-11-07,2025-11-07,85,1,1,20384.77,20384.77,20384.77,4.0,0,1,0,Midsize,,5
C-B77B84EC4061,Individual,55-64,M,West,2022-01-01,2024-12-26,2024-12-26,401,1,0,4845.19,0.0,4845.19,,1,0,0,Heavy Jet,,3
C-9736CFBB5C21,Individual,45-54,M,West,2021-11-01,2024-01-03,2025-06-13,232,5,2,141138.85,83982.83,28227.77,27.0,4,1,0,Super Mid,,5
C-09C0D3C76011,Business,35-44,Unknown,West,2021-12-01,2025-06-11,2025-06-11,234,1,1,15379.68,15379.68,15379.68,10.0,0,1,0,Light Jet,6.0,2
C-4E26D318B848,Individual,45-54,M,West,2021-11-01,2024-03-24,2025-12-10,52,8,3,179405.58,59922.38,22425.7,11.0,2,5,1,Light Jet,,2
C-3F37F4746C8F,Individual,45-54,Unknown,Midwest,2021-12-01,2024-09-07,2024-11-03,454,3,0,67266.16,0.0,22422.05,15.3,0,3,0,Midsize,,7
C-7F97E209C9DA,Individual,45-54,M,West,2021-12-01,2024-01-13,2024-09-25,493,6,0,169299.1,0.0,28216.52,109.0,3,3,0,Ultra Long Range,,4
C-5E50B4807B06,Individual,45-54,F,South,2022-01-01,2024-01-12,2025-12-28,34,10,3,267109.48,115574.65,26710.95,11.4,4,6,0,Super Mid,9.0,4
C-C74833F3FBC9,Individual,45-54,M,Northeast,2021-12-01,2024-03-09,2025-05-15,261,3,2,124442.55,69903.97,41480.85,24.7,0,3,0,Midsize,0.0,3
C-D9C87E44DB4F,Individual,35-44,M,South,2022-01-01,2024-04-02,2024-12-06,421,4,0,39907.89,0.0,9976.97,6.8,4,0,0,Light Jet,8.0,2
C-6CC6194929B2,Individual,35-44,,Northeast,2021-12-01,2024-01-09,2025-12-09,53,11,6,216984.21,98346.07,19725.84,27.0,0,11,0,Midsize,,8
C-72B426D294AF,Individual,35-44,F,Northeast,2022-02-01,2024-10-12,2024-10-12,476,1,0,508774.3,0.0,508774.3,4.0,1,0,0,Midsize,2.0,7
C-E611863A92D6,Individual,45-54,Unknown,South,,2024-06-22,2024-06-22,588,1,0,15326.11,0.0,15326.11,2.0,1,0,0,Light Jet,,2
C-886CC912BF2A,Individual,55-64,,Northeast,2022-01-01,2024-01-02,2025-11-12,80,21,10,583596.14,330798.15,27790.29,42.1,10,8,3,Midsize,0.0,8
C-63A4E16B8716,Business,65+,M,South,2021-12-01,2024-01-04,2026-01-05,26,12,6,368223.39,225573.99,30685.28,28.6,8,4,0,Heavy Jet,,6
C-3E89A6B5A8CF,Individual,55-64,F,West,2021-12-01,2024-07-05,2025-09-04,149,3,1,105500.79999999999,20206.12,35166.93,,1,2,0,Light Jet,4.0,2
C-21CDC4C9B0AC,Individual,45-54,M,International,2022-01-01,2025-02-11,2025-05-27,249,2,2,82923.39,82923.39,41461.7,24.0,0,2,0,Heavy Jet,1.0,3
C-ECE7024A385E,Individual,45-54,M,South,2021-12-01,2024-03-01,2025-10-15,108,6,3,149789.57,72706.58,24964.93,14.2,6,0,0,Ultra Long Range,10.0,4
C-5355CBBA3300,Individual,35-44,M,International,2022-01-01,2025-12-28,2025-12-28,34,1,1,15213.6,15213.6,15213.6,9.0,1,0,0,Midsize,,2
C-B3ADA1C894E9,Individual,45-54,M,Northeast,2022-01-01,2025-04-12,2025-11-08,84,4,4,99342.43,99342.43,24835.61,5.5,4,0,0,Heavy Jet,1.0,5
C-AA8D587403A4,Individual,45-54,F,South,2022-01-01,2024-01-26,2025-12-02,60,9,3,147379.77,60636.34,16375.53,8.9,8,1,0,Ultra Long Range,2.0,3
C-17440EB9EAEF,Individual,55-64,M,South,2022-01-01,2024-04-15,2024-10-12,476,2,0,53864.53,0.0,26932.26,3.0,0,2,0,Light Jet,9.0,6
C-102F6E7598C6,Individual,35-44,M,Northeast,2022-03-01,2025-10-03,2025-11-26,66,2,2,31180.64,31180.64,15590.32,16.5,1,1,0,Super Mid,,1
C-7DB583AFC344,Individual,55-64,M,West,2022-01-01,2024-01-22,2025-12-25,37,18,9,365075.6,184052.12,20281.98,23.4,2,16,0,Super Mid,,7
C-42C1730E0731,Individual,65+,M,West,2022-01-01,2024-12-28,2024-12-28,399,1,0,42717.81,0.0,42717.81,100.0,0,1,0,Super Mid,,5
C-27461D18E56F,Individual,45-54,M,South,2022-01-01,2024-03-22,2024-11-26,431,2,0,46708.43,0.0,23354.22,26.0,0,2,0,Midsize,,1
C-1D15E6F07428,Individual,55-64,M,South,2022-01-01,2025-07-20,2025-07-20,195,1,1,22840.8,22840.8,22840.8,11.0,0,0,1,Heavy Jet,,7
C-57E3B75ED8A3,Individual,55-64,M,Northeast,2022-02-01,2025-02-06,2025-08-16,168,4,4,89964.14,89964.14,22491.04,35.0,2,2,0,Light Jet,9.0,2
C-FCF1762EFD0E,Individual,45-54,F,South,2022-02-01,2024-01-04,2025-12-28,34,19,14,1143917.49,874045.85,60206.18,20.3,4,15,0,Super Mid,,4
C-98B7BD9DD1BF,Individual,45-54,M,South,2025-04-01,2025-04-17,2025-12-02,60,4,4,55265.08,55265.08,13816.27,7.8,2,2,0,Light Jet,6.0,5
C-0C315E09E30A,Individual,45-54,M,South,2022-02-01,2024-01-25,2025-12-13,49,7,4,156680.94,109116.52,22382.99,,3,4,0,Midsize,,4
C-6A9B9EB65860,Individual,45-54,F,West,2025-03-01,2025-03-27,2025-03-27,310,1,1,18216.6,18216.6,18216.6,3.0,1,0,0,Super Mid,,3
C-0CA41F1265F9,Individual,35-44,M,International,2022-03-01,2024-01-05,2025-10-27,96,6,2,85596.79000000001,22243.61,14266.13,13.2,5,1,0,Light Jet,,3
C-80E788D64536,Individual,45-54,M,Northeast,2022-11-01,2024-03-30,2025-09-16,137,7,2,98283.25,40489.17,14040.46,39.6,4,3,0,Midsize,,8
C-D6EA9E3D6341,Business,55-64,M,Midwest,2022-02-01,2024-01-10,2024-04-25,646,4,0,41825.66,0.0,10456.42,7.8,4,0,0,Super Mid,0.0,8
C-056251D54E8C,Individual,65+,M,South,2025-01-01,2025-01-11,2025-08-20,164,3,2,162195.65000000002,123860.67,54065.22,1.3,1,2,0,Super Mid,3.0,6
C-489F9CA4C659,Individual,55-64,M,Northeast,2025-08-01,2025-08-02,2025-10-23,100,3,3,39417.729999999996,39417.73,13139.24,24.0,1,2,0,Heavy Jet,0.0,4
C-AE2749E31D5D,Individual,65+,Unknown,South,2025-04-01,2025-10-18,2025-11-25,67,2,2,72760.34,72760.34,36380.17,147.5,0,1,1,Light Jet,,1
C-0CE5E25B0332,Individual,35-44,M,West,2022-12-01,2024-01-07,2026-01-10,21,9,2,168175.38,41353.15,18686.15,21.3,9,0,0,Super Mid,4.0,6
C-70D532BB21F4,Individual,55-64,M,Unknown,2022-09-01,2024-01-08,2026-01-23,8,12,6,197017.97,80892.08,16418.16,22.1,6,5,1,Midsize,7.0,4
C-FDE18F7AC874,Individual,45-54,F,West,2022-04-01,2024-01-03,2025-01-31,365,9,1,219417.94,18890.46,24379.77,,7,2,0,Ultra Long Range,,2
C-B8878422D5D9,Individual,65+,M,Northeast,2022-03-01,2024-03-15,2025-05-21,255,6,4,190928.52000000002,93401.66,31821.42,12.0,3,3,0,Light Jet,5.0,2
C-CA222F063040,Individual,35-44,M,West,2022-03-01,2024-07-21,2025-10-29,94,3,1,158566.3,51208.04,52855.43,6.3,0,2,1,Light Jet,6.0,8
C-DDFAE51F082B,Individual,35-44,M,South,2022-03-01,2024-09-07,2025-09-07,146,3,2,88433.77,54649.48,29477.92,70.0,1,2,0,Heavy Jet,6.0,3
C-4079EFE28EA6,Individual,45-54,Unknown,Midwest,2022-03-01,2024-03-07,2025-08-17,167,9,1,356185.08,61817.99,39576.12,16.4,0,9,0,Heavy Jet,,6
C-BC1ACFDC9032,Individual,25-34,M,Northeast,2022-04-01,2024-02-25,2025-10-19,104,7,3,145651.83000000002,59612.08,20807.4,37.6,4,3,0,Super Mid,7.0,4
C-32627172DB5E,Business,35-44,Unknown,Northeast,2022-03-01,2024-09-28,2025-08-02,182,3,1,58264.03,14380.62,19421.34,19.7,2,1,0,Heavy Jet,,4
C-305C424223AE,Individual,35-44,M,Northeast,2023-03-01,2024-01-28,2025-12-29,33,4,2,51601.75,18717.17,12900.44,13.5,4,0,0,Midsize,,8
C-B4D64534141D,Business,45-54,F,West,2023-03-01,2024-11-08,2024-11-08,449,1,0,16539.35,0.0,16539.35,9.0,1,0,0,Super Mid,,6
C-2B8907E26A71,Individual,55-64,M,South,2022-04-01,2024-09-12,2024-09-12,506,1,0,20289.37,0.0,20289.37,22.0,1,0,0,Light Jet,6.0,1
C-0F61662848B8,Individual,65+,M,West,,2024-03-02,2024-03-02,700,1,0,201429.2,0.0,201429.2,4.0,1,0,0,Midsize,8.0,3
C-33D5BBAADB60,Individual,55-64,F,South,2025-07-01,2025-07-01,2025-07-28,187,2,2,51781.130000000005,51781.13,25890.56,8.5,1,1,0,Light Jet,8.0,2
C-FAD3624BFA5E,Individual,45-54,M,West,2024-07-01,2024-07-22,2025-04-29,277,7,1,77249.07,15635.93,11035.58,4.7,7,0,0,Light Jet,,4
C-48C637248B3D,Individual,35-44,M,Midwest,2022-04-01,2024-07-26,2025-09-19,134,2,1,57981.549999999996,37637.95,28990.78,,0,2,0,Midsize,,8
C-848732DF2F04,Individual,55-64,F,West,2022-07-01,2024-01-08,2024-01-08,754,1,0,37855.45,0.0,37855.45,2.0,0,1,0,Midsize,7.0,3
C-2AC62247F34D,Individual,35-44,Unknown,Northeast,2022-04-01,2024-02-04,2024-02-24,707,2,0,43222.68,0.0,21611.34,20.0,1,1,0,Midsize,,6
C-B58D7FBA5696,Individual,65+,M,Northeast,2022-05-01,2024-05-10,2025-11-02,90,6,4,78490.14,57101.61,13081.69,40.2,4,2,0,Light Jet,,4
C-D5AAA0C60200,Individual,55-64,M,South,2022-08-01,2024-02-17,2024-09-13,505,3,0,57462.130000000005,0.0,19154.04,29.0,0,2,1,Light Jet,,4
C-3EA994B9A39B,Individual,45-54,M,West,2022-05-01,2024-02-20,2024-02-20,711,1,0,15943.16,0.0,15943.16,1.0,0,1,0,Super Mid,,3
C-58154AE979C5,Individual,25-34,Unknown,South,2022-06-01,2025-03-18,2025-11-05,87,7,7,189923.9,189923.9,27131.99,11.7,3,3,1,Midsize,,3
C-7DAB788066C8,Individual,65+,Unknown,Northeast,2022-11-01,2024-02-13,2024-02-13,718,1,0,48853.08,0.0,48853.08,40.0,0,1,0,Super Mid,,1
C-9B4932FE200C,Individual,45-54,M,South,,2024-05-25,2025-08-15,169,5,2,331611.61,265781.06,66322.32,23.4,3,2,0,Ultra Long Range,,2
C-660962833CF6,Individual,55-64,F,South,2024-09-01,2024-09-14,2025-11-15,77,4,2,72998.9,31958.95,18249.72,11.0,0,3,1,Light Jet,,4
C-89B00A0DBBE8,Individual,35-44,M,West,2023-08-01,2025-08-29,2025-11-10,82,3,3,52103.44,52103.44,17367.81,16.0,2,1,0,Super Mid,7.0,5
C-0697096ED2B6,Individual,45-54,M,South,2022-05-01,2024-03-18,2025-08-29,155,30,15,503873.87,254046.64,16795.8,5.0,25,4,1,Midsize,6.0,3
C-6597EA9EC71A,Individual,45-54,M,West,2023-10-01,2024-05-18,2024-05-18,623,1,0,16958.28,0.0,16958.28,6.0,1,0,0,Heavy Jet,,3
C-1F1CDC31CB1D,Individual,45-54,F,South,,2024-04-07,2025-06-07,238,13,5,343754.81,146567.83,26442.68,5.2,10,3,0,Ultra Long Range,9.0,3
C-C17616B2B2DE,Individual,45-54,M,South,2024-10-01,2025-05-17,2026-01-31,0,3,3,34084.25,34084.25,11361.42,13.7,2,1,0,Light Jet,,5
C-6F9BE42BBE53,Individual,55-64,F,Northeast,2022-05-01,2025-01-09,2025-01-09,387,1,0,38034.64,0.0,38034.64,1.0,1,0,0,Super Mid,,3
C-0CFD7A2F8109,Individual,35-44,F,South,2022-06-01,2024-01-14,2025-11-21,71,12,8,349823.35,186459.39,29151.95,10.7,4,8,0,Super Mid,,2
C-A9786EE70726,Individual,45-54,F,South,2025-11-01,2025-12-06,2025-12-06,56,1,1,10490.79,10490.79,10490.79,,1,0,0,Midsize,,4
C-D4D043098BFB,Individual,45-54,M,West,2022-09-01,2024-03-24,2024-10-17,471,6,0,183814.9,0.0,30635.82,7.5,3,3,0,Midsize,,1
C-917047762E9D,Business,55-64,M,South,2022-08-01,2024-05-29,2024-06-01,609,4,0,162580.19,0.0,40645.05,42.8,1,3,0,Light Jet,8.0,0
C-C19271A99F39,Individual,55-64,M,Midwest,2023-12-01,2024-05-09,2025-08-27,157,10,5,122117.82,63136.14,12211.78,18.6,7,3,0,Heavy Jet,1.0,3
C-7203698AD460,Individual,35-44,M,South,2022-06-01,2024-10-25,2025-12-21,41,5,3,154242.72999999998,86684.79,30848.55,19.2,2,3,0,Midsize,,4
C-D80175DF14D2,Individual,35-44,M,South,2022-08-01,2024-01-18,2025-03-06,331,3,1,220001.74,72461.94,73333.91,19.3,0,3,0,Midsize,0.0,7
C-C472715BC071,Business,65+,Unknown,West,2022-10-01,2024-01-02,2024-01-24,738,2,0,64790.76,0.0,32395.38,20.5,1,0,1,Heavy Jet,8.0,6
C-589AC23BC4E0,Individual,55-64,M,South,2022-08-01,2024-12-18,2024-12-18,409,1,0,20186.72,0.0,20186.72,8.0,1,0,0,Midsize,2.0,1
C-712ECB413AB0,Individual,35-44,M,South,2022-08-01,2024-03-20,2025-04-20,286,5,2,206815.46000000002,97991.3,41363.09,7.4,2,3,0,Light Jet,,1
C-8263FC29B45C,Individual,65+,M,Northeast,2022-07-01,2024-07-21,2025-02-17,348,15,2,281317.35,11442.63,18754.49,7.6,6,9,0,Light Jet,,3
C-4E8ADEDA03FB,Individual,45-54,M,South,2022-06-01,2024-11-07,2025-11-26,66,3,1,131851.53,33579.81,43950.51,10.0,0,3,0,Heavy Jet,,7
C-5C28252076AD,Business,55-64,Unknown,Midwest,,2024-01-02,2025-07-28,187,15,3,490696.96,96232.86,32713.13,14.9,11,3,1,Midsize,,2
C-9DA384B6B34E,Individual,45-54,M,South,2022-07-01,2024-03-02,2025-03-16,321,2,1,100618.11,33835.66,50309.06,23.5,1,1,0,Heavy Jet,,4
C-5DDC9FCE7EAD,Individual,65+,Unknown,West,2022-07-01,2024-03-11,2025-12-27,35,8,6,214394.84,156092.2,26799.36,23.0,7,1,0,Super Mid,,3
C-DE5E97BFB867,Individual,65+,M,Midwest,2022-07-01,2024-11-30,2025-03-30,307,4,1,43784.22,6347.08,10946.06,2.3,2,2,0,Heavy Jet,0.0,3
C-7C792C1EF783,Business,45-54,,Northeast,2022-07-01,2024-01-04,2025-01-02,394,2,0,98463.98999999999,0.0,49232.0,3.5,1,1,0,Heavy Jet,,2
C-D1F798DD9DE4,Individual,55-64,F,Midwest,2022-07-01,2024-05-02,2025-09-05,148,14,5,299924.36,76837.03,21423.17,3.9,14,0,0,Heavy Jet,5.0,6
C-7602251FB8E6,Individual,55-64,M,Northeast,2022-07-01,2024-01-05,2025-11-07,85,5,1,102105.89,20116.02,20421.18,31.0,5,0,0,Super Mid,,4
C-5239A656CD18,Individual,65+,Unknown,Unknown,2024-05-01,2024-05-26,2024-12-21,406,13,0,270775.0,0.0,20828.85,6.8,11,2,0,Light Jet,,2
C-D8E65BBD2DDF,Individual,35-44,M,South,,2024-08-21,2026-01-19,12,14,9,619174.3300000001,393947.07,44226.74,,5,9,0,Midsize,,1
C-1D280C9CAABE,Individual,55-64,F,West,2024-01-01,2024-02-07,2025-12-12,50,5,2,113319.48000000001,54555.52,22663.9,15.8,1,4,0,Super Mid,,8
C-CCBF8364266B,Individual,55-64,M,Northeast,2022-08-01,2024-01-24,2024-01-24,738,1,0,36848.09,0.0,36848.09,26.0,0,1,0,Light Jet,,2
C-D82445CC2E32,Individual,25-34,F,Northeast,2025-08-01,2025-12-27,2025-12-27,35,1,1,21208.24,21208.24,21208.24,18.0,0,1,0,Midsize,1.0,3
C-ACE47097888E,Individual,35-44,F,West,2024-03-01,2024-03-15,2024-03-15,687,1,0,38981.79,0.0,38981.79,4.0,0,1,0,Super Mid,2.0,3
C-45B04A0E88D2,Individual,25-34,F,West,2022-12-01,2024-11-17,2024-12-01,426,2,0,62052.899999999994,0.0,31026.45,,0,2,0,Midsize,8.0,5
C-4E10B705BC95,Individual,45-54,F,South,2022-09-01,2024-12-19,2025-12-16,46,2,1,95291.42,62734.09,47645.71,14.0,1,1,0,Midsize,3.0,1
C-3DC86273E884,Individual,55-64,M,South,2022-10-01,2024-01-06,2025-07-16,199,4,1,174263.01,51623.97,43565.75,39.8,1,3,0,Midsize,,2
C-B6A58802DA20,Business,65+,M,West,2023-01-01,2024-04-01,2024-06-30,580,2,0,47917.42,0.0,23958.71,24.0,1,1,0,Ultra Long Range,,9
C-DAC27FA66067,Individual,45-54,M,West,2022-11-01,2024-04-02,2025-12-01,61,4,2,117608.72,60130.31,29402.18,109.0,4,0,0,Heavy Jet,0.0,5
C-21034B2D2459,Individual,65+,M,Unknown,2022-09-01,2024-04-11,2025-12-28,34,9,5,148553.1,76561.73,16505.9,9.2,9,0,0,Midsize,,5
C-431E5185C600,Individual,35-44,F,West,2022-09-01,2024-07-20,2025-11-16,76,3,2,66287.91,45475.39,22095.97,55.7,3,0,0,Light Jet,,6
C-688CACB9E81E,Business,25-34,M,International,2023-05-01,2024-03-30,2025-10-08,115,9,5,181822.45,85672.38,20202.49,12.1,4,5,0,Heavy Jet,,3
C-F2CF015841F8,Individual,45-54,Unknown,West,2023-12-01,2024-01-20,2025-12-25,37,18,5,4684898.6,1116132.5,260272.14,5.6,12,6,0,Midsize,,4
C-2F12F08C4143,Individual,55-64,M,South,2022-09-01,2024-04-24,2024-05-22,619,2,0,73724.29000000001,0.0,36862.15,6.5,1,1,0,Heavy Jet,,5
C-15E8CC14A98C,Business,45-54,Unknown,South,2022-11-01,2024-03-04,2025-11-11,81,13,7,254897.71,106460.67,19607.52,7.8,3,10,0,Super Mid,8.0,7
C-7E921ECECF26,Individual,25-34,M,West,2022-09-01,2024-03-30,2025-10-03,120,3,1,61086.61,8722.5,20362.2,34.3,1,2,0,Midsize,2.0,2
C-3822F1D27084,Individual,45-54,F,West,2023-09-01,2025-01-23,2025-10-09,114,2,1,53624.079999999994,41033.45,26812.04,45.5,0,2,0,Heavy Jet,,4
C-FC6C0C8F0DB1,Individual,35-44,Unknown,South,,2025-11-09,2025-11-09,83,1,1,26171.9,26171.9,26171.9,37.0,0,1,0,Midsize,,1
C-23BFD7E4845F,Individual,55-64,M,Northeast,2022-10-01,2025-05-14,2025-12-09,53,2,2,44040.979999999996,44040.98,22020.49,24.0,2,0,0,Heavy Jet,,3
C-3EBC7050A917,Individual,55-64,M,International,2024-09-01,2025-07-23,2025-12-15,47,2,2,55677.14,55677.14,27838.57,91.0,0,2,0,Super Mid,,3
C-E1AED2A7EE66,Individual,35-44,F,Northeast,2022-10-01,2024-12-23,2025-11-04,88,3,2,66705.12,31911.19,22235.04,8.0,2,1,0,Super Mid,,1
C-12C519A13722,Individual,45-54,M,Northeast,2025-07-01,2025-07-10,2025-07-10,205,1,1,17864.51,17864.51,17864.51,1.0,0,1,0,Super Mid,,6
C-193235E95D62,Individual,35-44,M,Northeast,2022-10-01,2024-09-15,2025-06-18,227,5,4,64992.630000000005,53744.19,12998.53,14.0,3,2,0,Heavy Jet,,7
C-0DC2575E0DED,Individual,45-54,M,South,2022-10-01,2024-01-29,2025-12-22,40,13,9,258880.57,171083.19,19913.89,10.5,11,2,0,Heavy Jet,6.0,0
C-3390B247386D,Business,55-64,M,Northeast,2022-10-01,2024-06-08,2025-11-05,87,4,2,100113.02,51443.15,25028.26,12.2,4,0,0,Super Mid,6.0,9
C-1D6E79A594CE,Individual,35-44,M,Northeast,2022-11-01,2024-02-16,2024-11-02,455,3,0,147506.9,0.0,49168.97,25.0,0,3,0,Ultra Long Range,,7
C-4F541F9FEAD4,Individual,55-64,M,South,2025-10-01,2025-10-14,2025-10-14,109,1,1,102614.79,102614.79,102614.79,6.0,0,0,1,Light Jet,,3
C-DA9F9A4981D9,Individual,45-54,,West,2023-01-01,2025-12-08,2025-12-08,54,1,1,34411.39,34411.39,34411.39,,1,0,0,Super Mid,7.0,4
C-E86731883CB9,Individual,35-44,M,Northeast,,2024-09-17,2026-01-15,16,6,5,89483.84,77890.75,14913.97,6.3,2,4,0,Light Jet,0.0,2
C-D8E86C0D80D9,Individual,45-54,Unknown,Midwest,2025-10-01,2025-10-31,2025-10-31,92,1,1,24622.82,24622.82,24622.82,30.0,0,1,0,Midsize,,2
C-B5B8AB9B7800,Individual,35-44,M,Midwest,2022-11-01,2024-02-16,2025-11-15,77,25,11,844308.75,335704.68,33772.35,23.0,2,23,0,Super Mid,,4
C-C08D4C517DF4,Individual,45-54,Unknown,South,2022-12-01,2024-03-24,2025-04-10,296,2,1,46222.67999999999,19209.92,23111.34,0.5,1,1,0,Heavy Jet,1.0,3
C-221BFD2008B9,Individual,35-44,M,West,2022-11-01,2024-01-30,2025-12-22,40,16,5,445571.51,149245.62,27848.22,6.7,12,4,0,Midsize,,1
C-FE08583483C0,Individual,65+,M,Northeast,,2024-02-09,2025-12-11,51,8,4,243155.72000000003,116893.2,30394.47,16.9,0,8,0,Heavy Jet,,3
C-8992ACADA567,Individual,45-54,M,Midwest,2023-01-01,2024-01-13,2026-01-10,21,18,6,742705.52,321356.34,41261.42,,1,15,2,Light Jet,7.0,7
C-1491E26F2E7F,Individual,45-54,M,South,2022-12-01,2024-01-17,2025-03-23,314,6,4,197115.75,127132.03,32852.62,25.8,1,5,0,Super Mid,,1
C-1982FB29C82D,Individual,45-54,M,West,2023-01-01,2024-05-08,2025-05-15,261,3,1,28615.980000000003,12658.7,9538.66,36.0,2,1,0,Midsize,,8
C-BF97D94B662D,Individual,45-54,M,West,2022-12-01,2024-01-04,2024-07-13,567,2,0,33935.71000000001,0.0,16967.86,38.0,1,1,0,Ultra Long Range,1.0,4
C-CC0D07FC9430,Individual,45-54,M,South,2022-12-01,2024-03-20,2026-01-20,11,28,14,1102789.4,636385.04,39385.34,3.6,12,10,6,Super Mid,,3
C-09D835051F3B,Individual,55-64,M,South,2024-04-01,2024-04-03,2025-12-23,39,21,11,505591.73,309040.67,24075.8,6.9,5,13,3,Heavy Jet,,4
C-86AEF7EF9F67,Individual,55-64,,West,2022-12-01,2024-04-07,2025-12-20,42,3,1,69565.29000000001,19465.14,23188.43,50.0,3,0,0,Midsize,,3
C-DF05692BDF4D,Individual,45-54,M,West,2022-12-01,2024-07-12,2025-02-19,346,3,2,113023.8,64147.16,37674.6,58.7,0,3,0,Midsize,4.0,5
C-ACBED5B12074,Individual,45-54,M,South,2023-01-01,2024-01-02,2025-12-21,41,26,6,1215949.24,342737.4,46767.28,20.8,6,18,2,Light Jet,,2
C-94EBD40ED8C7,Individual,45-54,F,West,2023-03-01,2025-05-28,2025-09-15,138,8,8,338807.85,338807.85,42350.98,,2,3,3,Ultra Long Range,8.0,4
C-F2417BF3D955,Individual,25-34,M,Northeast,2022-12-01,2024-01-26,2024-12-24,403,4,0,62599.75,0.0,15649.94,6.8,3,1,0,Super Mid,,7
C-EF4A0B486B9E,Individual,35-44,M,West,2023-03-01,2024-08-19,2024-08-19,530,1,0,21948.82,0.0,21948.82,2.0,1,0,0,Heavy Jet,,5
C-268C6714573F,Individual,65+,Unknown,South,2023-01-01,2024-06-21,2025-10-09,114,14,7,198488.15,98538.24,14177.72,6.6,8,6,0,Light Jet,,6
C-703AA206429B,Individual,65+,M,Midwest,2023-01-01,2024-03-29,2025-09-15,138,8,3,134088.6,46782.8,16761.08,33.2,1,7,0,Heavy Jet,,6
C-5F9049F1B1C9,Individual,45-54,F,South,2023-07-01,2025-06-15,2025-06-15,230,1,1,20669.56,20669.56,20669.56,2.0,1,0,0,Super Mid,,1
C-D0FE4287D586,Individual,55-64,Unknown,Northeast,2023-01-01,2024-01-11,2025-04-18,288,20,5,628963.7,115537.0,31448.18,,12,8,0,Midsize,,2
C-4419C12E8CD0,Individual,55-64,M,South,2023-01-01,2024-01-22,2026-01-12,19,20,14,1161867.09,649512.05,58093.35,9.1,11,8,1,Light Jet,,5
C-97A2D47BE5F4,Individual,65+,M,South,2023-07-01,2024-02-01,2024-05-17,624,3,0,57574.39,0.0,19191.46,24.0,0,2,1,Heavy Jet,,6
C-5969A8E48A83,Business,55-64,M,Northeast,2023-03-01,2024-01-08,2026-01-19,12,53,14,1286608.66,292343.25,24275.64,19.6,7,42,4,Light Jet,,2
C-3A2E637359E6,Individual,45-54,M,South,2023-02-01,2024-11-12,2025-11-07,85,2,1,67887.84,27319.62,33943.92,42.5,0,2,0,Heavy Jet,6.0,5
C-5C9EC2C7D884,Individual,35-44,M,Midwest,2023-05-01,2024-11-24,2025-11-16,76,3,1,59923.19,20748.34,19974.4,89.0,3,0,0,Midsize,8.0,9
C-60070E9667F3,Business,25-34,Unknown,South,2023-03-01,2024-02-23,2026-01-21,10,8,6,235781.12,165817.51,29472.64,23.6,2,6,0,Ultra Long Range,,1
C-580909A2AA8F,Individual,45-54,M,Northeast,2024-10-01,2024-10-19,2025-09-08,145,10,7,282848.04,219350.82,28284.8,3.2,7,3,0,Ultra Long Range,2.0,3
C-1E3B03F252F7,Individual,35-44,M,Northeast,2023-03-01,2024-09-09,2025-10-02,121,3,2,204373.77,124722.79,68124.59,40.7,0,1,2,Ultra Long Range,,5
C-827E43434A5A,Business,25-34,Unknown,South,2023-03-01,2024-01-19,2025-11-26,66,11,5,262303.61,135596.38,23845.78,12.5,2,9,0,Midsize,2.0,3
C-0DC38A9FF6F3,Individual,45-54,F,South,2024-05-01,2024-05-25,2025-08-27,157,21,4,623324.74,101159.89,29682.13,4.2,9,12,0,Midsize,,5
C-8C592DBE6515,Individual,35-44,,Northeast,2024-08-01,2024-08-29,2024-08-29,520,1,0,22275.66,0.0,22275.66,90.0,0,1,0,Super Mid,,8
C-3E9460213320,Individual,65+,M,Northeast,2023-09-01,2024-05-21,2025-09-25,128,4,2,111494.36,54329.23,27873.59,,4,0,0,Light Jet,3.0,3
C-7743A39B6587,Business,55-64,Unknown,Northeast,2023-04-01,2024-06-08,2025-12-17,45,11,7,234582.15,140108.22,21325.65,,10,1,0,Heavy Jet,,2
C-625D7EE514DE,Individual,45-54,M,Northeast,2023-03-01,2024-01-13,2025-04-21,285,21,5,585425.05,90752.77,27877.38,4.4,16,5,0,Midsize,,3
C-94B323F2E0FC,Individual,65+,M,Northeast,2023-03-01,2024-01-19,2025-09-28,125,27,7,726083.38,168980.95,26891.98,,13,14,0,Midsize,,6
C-0A498ABD24F2,Individual,45-54,M,South,2023-03-01,2024-03-06,2025-11-07,85,6,2,238606.72999999998,89194.64,39767.79,18.3,0,6,0,Light Jet,,7
C-AC9AAA5E0E4B,Individual,35-44,F,Northeast,2023-12-01,2024-03-17,2026-01-23,8,8,6,255628.68,172872.69,31953.58,,0,8,0,Super Mid,5.0,2
C-D155A94FC123,Individual,65+,M,Unknown,2023-03-01,2024-09-22,2025-08-22,162,4,2,118520.19,72097.77,29630.05,20.0,0,4,0,Heavy Jet,,5
C-6213E750CD47,Individual,55-64,M,Northeast,2023-07-01,2024-03-02,2025-09-02,151,22,6,869232.7200000001,161316.35,39510.58,4.5,17,5,0,Light Jet,,2
C-50963B1A0DB5,Business,35-44,M,West,2023-12-01,2024-12-11,2025-12-05,57,6,5,213282.22,192418.56,35547.04,22.7,3,3,0,Midsize,,6
C-2BC18389199F,Business,45-54,F,South,2023-04-01,2025-01-07,2025-12-15,47,3,2,46128.47,31543.41,15376.16,2.3,2,1,0,Heavy Jet,,6
C-8D1DD16244ED,Individual,35-44,F,West,2023-03-01,2025-03-31,2025-06-04,241,2,2,37647.71,37647.71,18823.86,7.5,0,2,0,Heavy Jet,,1
C-1AAE75A6900D,Business,25-34,Unknown,West,2023-04-01,2024-01-29,2025-12-03,59,45,21,1317643.09,567320.24,29280.96,11.6,2,16,27,Midsize,3.0,1
C-B648CC112C4D,Individual,55-64,F,Northeast,2023-06-01,2024-04-19,2025-04-03,303,5,4,122897.1,97205.53,24579.42,3.2,2,3,0,Ultra Long Range,8.0,2
C-624F910EB1CD,Individual,65+,M,Unknown,2023-04-01,2024-06-07,2024-06-07,603,1,0,40265.46,0.0,40265.46,116.0,0,1,0,Super Mid,,3
C-34C2D389984B,Individual,35-44,M,South,2023-05-01,2024-01-15,2025-07-10,205,13,1,208391.52000000002,24055.49,16030.12,14.1,11,1,1,Light Jet,,1
C-92AFA1695476,Individual,55-64,M,South,2024-06-01,2024-06-22,2024-06-22,588,1,0,38871.52,0.0,38871.52,13.0,0,0,1,Light Jet,7.0,3
C-9F6277C16601,Individual,45-54,M,West,2024-07-01,2025-01-31,2025-11-09,83,6,6,167718.37,167718.37,27953.06,11.8,3,2,1,Super Mid,,3
C-1FB8715ECAA4,Individual,45-54,M,West,2025-01-01,2025-01-30,2025-04-22,284,2,1,46132.19,15764.2,23066.1,,1,1,0,Light Jet,,3
C-1593F2A128AD,Individual,45-54,,South,2025-07-01,2025-07-06,2026-01-21,10,4,4,102785.23,102785.23,25696.31,,1,2,1,Super Mid,,3
C-D0821846E9D9,Individual,35-44,M,South,2025-09-01,2025-11-07,2025-12-30,32,2,2,41238.46,41238.46,20619.23,19.0,0,2,0,Midsize,,3
C-A48814AE0FEA,Business,45-54,F,South,2023-03-01,2024-01-24,2025-03-08,329,5,1,156377.81,51443.35,31275.56,41.8,2,3,0,Super Mid,,8
C-D976FE9EC8F2,Individual,35-44,M,South,2024-06-01,2024-07-13,2026-01-14,17,18,13,613285.47,400334.36,34071.42,31.3,4,14,0,Midsize,2.0,3
C-AC23C9DC250C,Individual,45-54,M,West,2023-05-01,2024-06-15,2024-06-15,595,1,0,28291.51,0.0,28291.51,2.0,0,1,0,Super Mid,,2
C-E8840EDB9222,Business,45-54,M,Northeast,2023-04-01,2024-01-25,2024-01-25,737,1,0,25436.57,0.0,25436.57,17.0,0,1,0,Midsize,1.0,5
C-8E78D9BDE5F3,Individual,45-54,Unknown,Northeast,,2024-01-13,2024-12-26,401,15,0,530324.17,0.0,35354.94,25.9,1,13,1,Heavy Jet,5.0,4
C-D26EE809C0A2,Individual,35-44,F,Northeast,2023-05-01,2025-10-10,2025-10-11,112,2,2,62365.020000000004,62365.02,31182.51,0.5,2,0,0,Ultra Long Range,2.0,2
C-A83B6F304D64,Business,35-44,Unknown,South,,2024-04-22,2025-12-09,53,7,4,139295.83000000002,86366.9,19899.4,,4,2,1,Ultra Long Range,,4
C-BE65B668ACCF,Individual,55-64,M,South,2025-12-01,2025-12-15,2025-12-15,47,1,1,49114.63,49114.63,49114.63,5.0,0,1,0,Super Mid,9.0,0
C-0F8CE15C403E,Business,55-64,M,West,2024-02-01,2024-06-30,2025-08-17,167,6,4,104666.48000000001,72200.1,17444.41,34.3,5,1,0,Midsize,,2
C-92F0775D375B,Business,35-44,F,Unknown,2023-09-01,2024-03-09,2025-10-26,97,12,7,212372.85,131759.54,17697.74,17.3,5,7,0,Ultra Long Range,0.0,3
C-0825C8F85BBF,Individual,45-54,M,Midwest,2023-06-01,2024-01-13,2026-01-14,17,26,12,590924.02,253126.37,22727.85,25.5,13,13,0,Heavy Jet,,7
C-8631E3E589F0,Individual,55-64,F,South,2023-07-01,2024-01-01,2025-05-07,269,26,5,976980.44,148849.07,37576.17,10.5,2,21,3,Super Mid,,6
C-A056316E36C5,Individual,35-44,M,Midwest,2023-05-01,2024-04-25,2026-01-19,12,10,6,216500.32,117172.11,21650.03,,8,2,0,Midsize,,6
C-68FBEB442EF8,Individual,55-64,M,West,2023-06-01,2024-11-18,2024-11-18,439,1,0,20833.58,0.0,20833.58,9.0,1,0,0,Ultra Long Range,,4
C-EB215AD0E566,Individual,45-54,M,West,2024-08-01,2024-08-02,2024-08-02,547,1,0,30688.08,0.0,30688.08,2.0,1,0,0,Midsize,,3
C-E1B2C337DEB4,Individual,55-64,M,Northeast,2024-09-01,2024-09-29,2025-10-05,118,3,1,54126.43,18476.8,18042.14,8.3,1,2,0,Midsize,,5
C-6DE70073153C,Individual,35-44,F,Northeast,2025-01-01,2025-01-08,2025-12-18,44,2,1,59444.24,38505.21,29722.12,24.0,0,2,0,Light Jet,7.0,5
C-C4A827553767,Individual,25-34,M,South,2023-06-01,2024-11-21,2025-08-16,168,3,1,185225.97999999998,20782.08,61741.99,77.0,0,2,1,Super Mid,,5
C-9BDA7B21D99A,Individual,35-44,M,South,2023-06-01,2024-06-21,2025-06-10,235,6,3,91778.85,38458.48,15296.48,39.7,6,0,0,Heavy Jet,3.0,6
C-0EC880D28D33,Individual,45-54,M,South,2025-10-01,2025-10-25,2026-01-07,24,4,4,205769.25,205769.25,51442.31,14.2,0,4,0,Light Jet,,4
C-6DFDE6588207,Business,45-54,F,South,2023-06-01,2024-01-01,2024-05-20,621,5,0,170412.05,0.0,34082.41,25.0,2,3,0,Midsize,3.0,5
C-182494E5580F,Individual,35-44,,Northeast,2023-07-01,2024-05-19,2025-10-06,117,4,1,52758.92,10701.79,13189.73,24.5,4,0,0,Midsize,5.0,4
C-5DCB4DCDC4A7,Individual,55-64,F,West,2023-06-01,2024-02-06,2025-11-19,73,11,6,244549.01,111228.4,22231.73,17.0,8,3,0,Ultra Long Range,,5
C-36AF50CD0DDA,Individual,35-44,Unknown,Northeast,2023-07-01,2024-01-03,2025-11-25,67,6,3,135125.93,47816.75,22520.99,22.2,2,4,0,Midsize,7.0,6
C-E8069573D03A,Individual,45-54,F,South,2024-12-01,2024-12-21,2024-12-21,406,1,0,81310.24,0.0,81310.24,32.0,0,1,0,Midsize,,6
C-E5FBB17CCA48,Individual,35-44,M,International,2025-05-01,2025-05-03,2025-05-03,273,1,1,10117.74,10117.74,10117.74,0.0,1,0,0,Ultra Long Range,4.0,3
C-FFEC225BA1B8,Individual,45-54,F,International,2025-04-01,2025-06-02,2025-08-29,155,2,2,108114.23000000001,108114.23,54057.12,22.0,0,2,0,Super Mid,,2
C-40305DAAA017,Individual,45-54,M,West,2023-10-01,2024-09-16,2024-09-16,502,1,0,72978.96,0.0,72978.96,75.0,0,1,0,Light Jet,7.0,6
C-72291658FC15,Individual,35-44,M,Unknown,2023-07-01,2024-02-15,2025-08-08,176,6,1,146240.03,22606.01,24373.34,17.0,5,1,0,Light Jet,,4
C-4BFFF0F8206D,Individual,45-54,F,Northeast,2023-08-01,2024-09-02,2024-09-02,516,1,0,18785.45,0.0,18785.45,14.0,1,0,0,Light Jet,,4
C-8DE9811AFD4B,Individual,55-64,M,Unknown,2023-09-01,2024-01-12,2025-05-15,261,10,3,148329.37,23125.36,14832.94,20.3,7,3,0,Midsize,0.0,6
C-C4554DB3D77E,Individual,45-54,Other,South,2023-08-01,2025-11-03,2025-11-03,89,1,1,41536.37,41536.37,41536.37,46.0,0,1,0,Light Jet,5.0,2
C-F4D518F13F98,Business,55-64,F,Northeast,,2024-01-06,2025-12-22,40,5,2,85090.47,35520.0,17018.09,7.4,3,2,0,Super Mid,3.0,4
C-89D1E84451EA,Individual,35-44,M,South,2023-08-01,2024-01-04,2026-01-08,23,19,13,386065.17,276743.79,20319.22,31.8,7,12,0,Light Jet,5.0,1
C-EAD525F58A72,Individual,55-64,M,South,2023-08-01,2024-09-18,2025-11-08,84,4,3,91481.04999999999,62131.96,22870.26,1.2,3,1,0,Midsize,,1
C-418876CC21AF,Individual,65+,F,South,2023-08-01,2024-06-21,2025-08-29,155,7,3,215692.95,113587.23,30813.28,13.4,2,4,1,Midsize,,3
C-3DFD1014BE40,Individual,25-34,M,West,2023-08-01,2024-01-18,2026-01-07,24,14,7,340013.55,128226.58,24286.68,10.6,9,5,0,Light Jet,,5
C-781F72FF53BC,Individual,35-44,M,West,2023-09-01,2024-07-06,2024-09-29,489,2,0,71834.09,0.0,35917.04,15.5,2,0,0,Heavy Jet,6.0,4
C-C2C2E4095402,Individual,55-64,M,Northeast,2024-05-01,2024-05-03,2025-10-29,94,2,1,64583.01,32007.86,32291.5,33.0,2,0,0,Super Mid,,3
C-D53940200723,Individual,45-54,M,South,2023-08-01,2025-04-18,2025-04-18,288,1,1,13581.52,13581.52,13581.52,31.0,0,1,0,Midsize,,6
C-92F92E2C15F7,Individual,55-64,M,Midwest,2023-10-01,2024-03-16,2026-01-21,10,4,2,68534.74,33451.55,17133.69,42.0,4,0,0,Heavy Jet,2.0,7
C-00B536C06380,Individual,45-54,F,West,2024-08-01,2024-11-22,2025-12-19,43,4,2,126994.95,67617.95,31748.74,98.3,0,4,0,Heavy Jet,,9
C-1B7FDB7F437A,Individual,45-54,M,Northeast,2024-02-01,2024-02-22,2024-02-22,709,1,0,209666.5,0.0,209666.5,8.0,0,0,1,Midsize,6.0,6
C-85E1D3785B9D,Individual,45-54,F,West,2023-09-01,2024-03-22,2025-03-18,319,3,1,89414.04,14209.4,29804.68,2.7,1,2,0,Light Jet,,8
C-30B6E261F3FE,Individual,55-64,M,South,2023-09-01,2024-01-17,2025-09-23,130,20,10,608563.7,249605.33,30428.18,34.0,13,7,0,Light Jet,,5
C-71B6BDA9BD31,Business,45-54,M,Northeast,2023-11-01,2024-11-29,2024-11-29,428,1,0,30101.39,0.0,30101.39,57.0,0,1,0,Heavy Jet,,0
C-F64482BCF260,Individual,55-64,F,International,2023-10-01,2024-03-09,2024-10-08,480,4,0,67398.92,0.0,16849.73,,2,2,0,Super Mid,,5
C-4FDE927FE4A6,Individual,45-54,M,South,2025-11-01,2025-11-09,2025-12-28,34,3,3,78529.73999999999,78529.74,26176.58,9.3,3,0,0,Midsize,,3
C-FF7A0EB1480E,Individual,45-54,M,Northeast,2023-09-01,2024-03-29,2025-12-02,60,8,4,186752.49,90582.07,23344.06,3.4,8,0,0,Midsize,8.0,6
C-886FDF0BE9F2,Individual,45-54,M,Midwest,2023-09-01,2024-02-19,2024-12-09,418,2,0,100617.69,0.0,50308.84,,0,1,1,Super Mid,9.0,2
C-D35EFF497E0F,Individual,55-64,Unknown,West,2023-12-01,2024-02-01,2026-01-06,25,11,6,200542.36000000002,112822.05,18231.12,32.3,8,3,0,Midsize,8.0,5
C-669B38F7B26F,Individual,45-54,F,South,2024-12-01,2025-05-25,2025-05-31,245,2,2,50770.66,50770.66,25385.33,126.5,2,0,0,Midsize,,6
C-552347FE5BC2,Individual,45-54,M,South,2023-12-01,2024-02-07,2025-05-25,251,7,2,283570.33,51062.19,40510.05,,4,2,1,Ultra Long Range,,2
C-322F9FD25756,Individual,65+,M,South,2024-06-01,2024-06-02,2024-06-02,608,1,0,10406.97,0.0,10406.97,2.0,1,0,0,Light Jet,0.0,7
C-D5A2E8180CDA,Individual,55-64,M,West,2023-10-01,2024-09-04,2024-09-04,514,1,0,13832.05,0.0,13832.05,42.0,0,1,0,Light Jet,,4
C-D2A6E4087298,Individual,45-54,F,Northeast,,2024-01-04,2024-01-04,758,1,0,12913.19,0.0,12913.19,92.0,1,0,0,Heavy Jet,5.0,1
C-11DA459FBA0A,Individual,55-64,M,South,2023-10-01,2024-08-02,2026-01-14,17,9,7,135291.24,112300.77,15032.36,5.9,5,4,0,Super Mid,,2
C-DDD4A7FEC4C3,Individual,45-54,M,International,2023-11-01,2024-01-02,2025-03-26,311,6,1,132686.07,17744.19,22114.34,11.8,4,2,0,Heavy Jet,1.0,6
C-200D09DF0114,Individual,25-34,M,Northeast,2024-03-01,2024-05-11,2025-12-14,48,11,6,234861.53,121537.17,21351.05,30.7,5,5,1,Ultra Long Range,,5
C-AE573DA0C5D3,Individual,35-44,M,South,2023-11-01,2025-04-24,2025-04-24,282,1,1,19804.43,19804.43,19804.43,22.0,0,1,0,Super Mid,7.0,6
C-FE4434C8E828,Individual,25-34,M,Northeast,2024-03-01,2024-03-20,2025-06-22,223,14,5,206666.11,82853.51,14761.86,10.4,3,11,0,Light Jet,7.0,0
C-BBE973F13886,Business,45-54,Unknown,West,2024-01-01,2024-01-09,2024-01-09,753,1,0,13481.23,0.0,13481.23,5.0,1,0,0,Ultra Long Range,1.0,4
C-0DBD34D9B624,Individual,45-54,M,South,,2024-04-11,2024-04-11,660,1,0,11414.69,0.0,11414.69,0.0,1,0,0,Heavy Jet,,5
C-05C702885843,Individual,65+,M,South,2023-11-01,2024-01-30,2026-01-27,4,10,3,334481.33999999997,100178.49,33448.13,5.3,9,1,0,Light Jet,,4
C-F5B4CF80EB16,Individual,55-64,M,West,2023-10-01,2024-02-19,2024-08-01,548,3,0,88631.07,0.0,29543.69,5.0,3,0,0,Light Jet,,3
C-5341FA130744,Individual,45-54,Unknown,Northeast,2023-11-01,2024-06-14,2025-11-17,75,3,1,44994.729999999996,15912.83,14998.24,6.3,3,0,0,Midsize,3.0,1
C-5F5193E880CF,Individual,55-64,M,Northeast,2024-01-01,2024-01-13,2024-01-13,749,1,0,13956.8,0.0,13956.8,46.0,1,0,0,Midsize,,6
C-8D6245B57072,Individual,25-34,F,Northeast,2025-09-01,2025-12-16,2025-12-16,46,1,1,30606.96,30606.96,30606.96,47.0,1,0,0,Heavy Jet,5.0,8
C-3278B82D6A76,Individual,45-54,M,South,2023-11-01,2024-05-18,2025-11-26,66,3,2,78737.04999999999,78676.06,26245.68,15.3,1,2,0,Heavy Jet,,4
C-7C96BDEC3615,Individual,55-64,M,South,2023-11-01,2024-10-18,2025-06-06,239,3,1,57714.740000000005,11674.02,19238.25,25.0,2,1,0,Midsize,,4
C-C27D753CC7D4,Individual,35-44,M,Northeast,2024-08-01,2024-08-11,2024-08-11,538,1,0,18461.91,0.0,18461.91,1.0,0,1,0,Midsize,,3
C-46F2815E855D,Individual,55-64,M,South,2023-12-01,2024-12-30,2024-12-30,397,1,0,16467.49,0.0,16467.49,,1,0,0,Light Jet,,7
C-90EC86674630,Individual,55-64,M,South,2024-11-01,2024-12-20,2025-10-08,115,4,3,91008.45999999999,72042.3,22752.12,28.0,1,3,0,Midsize,8.0,3
C-2FB229C04014,Individual,45-54,,Midwest,2024-05-01,2024-05-10,2025-08-04,180,2,1,41099.439999999995,7084.17,20549.72,0.5,1,1,0,Heavy Jet,,2
C-AEF071609D4C,Individual,55-64,M,Unknown,2021-04-01,2024-02-14,2025-11-24,68,11,5,378033.87,177215.52,34366.72,8.3,3,8,0,Heavy Jet,,3
C-D288DD976876,Individual,65+,M,West,,2024-01-03,2024-12-28,399,6,0,102980.97,0.0,17163.5,14.5,5,0,1,Midsize,0.0,6
C-92578BE8A8CD,Individual,45-54,M,Midwest,2024-03-01,2024-03-21,2024-03-23,679,2,0,29136.98,0.0,14568.49,39.5,0,2,0,Light Jet,,3
C-7621CAB4E31B,Individual,45-54,Unknown,South,2024-03-01,2024-03-23,2024-03-23,679,1,0,105397.77,0.0,105397.77,56.0,0,1,0,Heavy Jet,,1
C-36B1525124E3,Individual,45-54,F,Unknown,2024-04-01,2024-05-15,2025-11-13,79,14,7,170939.12,73448.96,12209.94,7.3,9,5,0,Midsize,,5
C-3E94BE56A1D9,Individual,35-44,,South,2024-04-01,2024-04-04,2024-04-04,667,1,0,10881.44,0.0,10881.44,,1,0,0,Super Mid,,2
C-93B9841A01B1,Business,55-64,Unknown,International,2023-12-01,2024-01-06,2024-03-26,676,15,0,281547.4,0.0,18769.83,4.1,6,8,1,Super Mid,,1
C-7A79835D4125,Individual,35-44,M,Unknown,2023-12-01,2024-01-01,2025-12-14,48,25,11,526770.49,220240.63,21070.82,,14,11,0,Light Jet,,5
C-86BC59763C7A,Individual,45-54,M,West,2025-10-01,2025-10-02,2025-10-02,121,1,1,60876.13,60876.13,60876.13,8.0,0,1,0,Light Jet,,3
C-C31404FDF104,Individual,45-54,F,Unknown,2023-12-01,2024-02-14,2025-04-04,302,8,3,269474.67,116450.38,33684.33,16.6,4,4,0,Midsize,2.0,3
C-157BF017EB22,Business,55-64,Unknown,Northeast,,2024-08-19,2024-09-06,512,2,0,38601.590000000004,0.0,19300.8,9.0,0,2,0,Super Mid,7.0,4
C-09DE30487213,Individual,55-64,M,South,2024-01-01,2024-01-01,2024-01-01,761,1,0,13501.7,0.0,13501.7,4.0,0,1,0,Light Jet,,5
C-83AC81B2C380,Individual,55-64,M,Northeast,2024-01-01,2024-02-01,2025-09-15,138,16,3,348414.49,82306.91,21775.91,5.8,11,5,0,Midsize,,6
C-C3CBF7E9C8D5,Individual,45-54,M,Northeast,2024-07-01,2024-07-10,2026-01-05,26,6,2,280953.66,97913.61,46825.61,47.3,2,4,0,Light Jet,,5
C-006365127871,Individual,45-54,Unknown,South,2024-02-01,2024-02-25,2025-05-27,249,2,1,144507.59999999998,78479.09,72253.8,49.5,0,2,0,Ultra Long Range,4.0,2
C-18BA6CC07F31,Individual,35-44,M,West,2024-04-01,2024-05-30,2025-11-21,71,9,5,192663.06,101100.78,21407.01,16.9,1,8,0,Midsize,,5
C-DA480F0F5815,Individual,45-54,M,Unknown,2024-01-01,2025-01-11,2025-05-02,274,3,2,61419.68,40889.85,20473.23,32.0,3,0,0,Heavy Jet,,9
C-AC8890829EC3,Business,45-54,F,South,2024-01-01,2024-01-16,2024-01-16,746,1,0,20169.09,0.0,20169.09,14.0,0,1,0,Heavy Jet,9.0,6
C-4DE10FAC439A,Individual,55-64,,West,2025-11-01,2025-12-17,2026-01-14,17,3,3,64188.9,64188.9,21396.3,7.3,2,1,0,Light Jet,,4
C-56AA690D6FB2,Individual,35-44,M,Midwest,2024-01-01,2024-01-15,2024-01-15,747,1,0,27159.22,0.0,27159.22,6.0,1,0,0,Ultra Long Range,,5
C-ED40BDA4CCB5,Individual,55-64,Unknown,International,2024-01-01,2024-04-06,2025-03-22,315,4,1,160354.58000000002,72691.11,40088.65,75.8,0,3,1,Midsize,4.0,2
C-CE578FE506DF,Business,65+,M,Unknown,2024-01-01,2024-01-16,2025-01-31,365,7,1,175102.91999999998,15645.96,25014.7,3.4,5,2,0,Heavy Jet,6.0,5
C-E31CC360CFF0,Individual,55-64,M,Northeast,2024-04-01,2024-04-03,2024-04-03,668,1,0,52584.71,0.0,52584.71,60.0,0,1,0,Light Jet,,1
C-28DA256DB287,Individual,65+,M,Unknown,2024-10-01,2024-10-05,2024-10-05,483,1,0,9067.3,0.0,9067.3,2.0,1,0,0,Super Mid,,4
C-A2278C5CF028,Individual,35-44,F,West,2024-01-01,2024-01-18,2024-01-18,744,1,0,7933.85,0.0,7933.85,3.0,0,1,0,Super Mid,,6
C-285C9706420D,Individual,35-44,M,South,2025-01-01,2025-01-29,2026-01-04,27,4,3,117447.06,80785.66,29361.76,3.2,2,2,0,Light Jet,9.0,5
C-62F044A593DC,Business,25-34,M,Northeast,2024-05-01,2024-06-18,2025-11-16,76,7,3,221698.09,124668.13,31671.16,50.0,2,5,0,Light Jet,2.0,5
C-E3B05DD237A1,Business,65+,Unknown,West,2024-02-01,2024-02-28,2025-10-13,110,18,8,581720.53,298569.03,32317.81,9.9,2,13,3,Super Mid,,4
C-916AE9726C5A,Individual,55-64,F,South,2024-02-01,2024-11-30,2025-11-28,64,3,2,46767.47,29537.77,15589.16,24.3,3,0,0,Heavy Jet,,3
C-EE2B42671F1E,Individual,45-54,F,West,2024-04-01,2024-05-13,2025-10-19,104,15,8,226287.72,113261.16,15085.85,32.4,6,8,1,Midsize,,6
C-C699427AFEA9,Individual,45-54,Unknown,West,2024-01-01,2024-01-31,2024-03-10,692,4,0,81325.65,0.0,20331.41,0.7,4,0,0,Super Mid,,3
C-D9649A74D944,Individual,35-44,M,South,2024-02-01,2024-02-04,2024-02-04,727,1,0,22754.71,0.0,22754.71,2.0,0,1,0,Light Jet,,5
C-40F2C3B7A80D,Individual,65+,F,Northeast,2024-05-01,2024-07-24,2025-11-26,66,9,4,241231.32,113239.71,26803.48,47.6,2,7,0,Midsize,,0
C-DD0A5C23C440,Business,45-54,F,West,2024-03-01,2024-03-02,2025-04-14,292,4,2,140377.24,92029.06,35094.31,8.8,3,1,0,Light Jet,,6
C-1F65D9D450EC,Individual,45-54,,Northeast,2024-03-01,2024-03-01,2025-10-05,118,2,1,83048.43,14973.54,41524.21,7.0,1,1,0,Light Jet,,2
C-B1FEF107966A,Individual,55-64,F,South,2024-08-01,2024-08-04,2026-01-23,8,22,15,482168.11,389176.07,21916.73,5.9,9,12,1,Midsize,0.0,1
C-93C2BEE5AA27,Individual,55-64,F,South,2024-02-01,2024-02-10,2024-02-10,721,1,0,28839.87,0.0,28839.87,0.0,1,0,0,Midsize,,3
C-A8CFE39117CB,Individual,45-54,,Northeast,2024-09-01,2024-11-26,2025-06-16,229,4,2,144205.30000000002,72748.61,36051.33,32.8,0,4,0,Light Jet,,6
C-B9967A3FF923,Individual,35-44,M,International,2024-03-01,2024-03-11,2025-05-21,255,4,1,141233.74,25045.83,35308.44,,2,1,1,Heavy Jet,,2
C-E79CBC3C6AC9,Individual,55-64,M,South,2024-04-01,2024-04-10,2024-04-10,661,1,0,22497.23,0.0,22497.23,,0,1,0,Super Mid,,1
C-3EF3E82CEE5C,Individual,65+,Unknown,West,2024-03-01,2024-03-20,2024-03-20,682,1,0,16202.24,0.0,16202.24,22.0,0,1,0,Super Mid,4.0,5
C-52E7AE5E109C,Individual,65+,Unknown,South,2024-03-01,2024-03-07,2024-12-03,424,7,0,209745.03999999998,0.0,29963.58,9.6,1,3,3,Light Jet,,2
C-A295E3F34E26,Individual,65+,,South,,2024-06-18,2026-01-07,24,13,7,237646.85,125444.53,18280.53,11.5,4,9,0,Super Mid,,4
C-E3966CF8570E,Individual,45-54,M,Midwest,2024-03-01,2024-03-12,2024-03-12,690,1,0,26806.32,0.0,26806.32,4.0,1,0,0,Super Mid,6.0,6
C-6A652D045676,Individual,35-44,M,West,2024-03-01,2024-03-06,2024-03-06,696,1,0,45946.16,0.0,45946.16,7.0,0,1,0,Midsize,,3
C-A4D572863CFB,Individual,45-54,F,South,2024-06-01,2024-06-01,2024-06-01,609,1,0,24441.18,0.0,24441.18,32.0,1,0,0,Super Mid,,3
C-C09C69984BF6,Individual,45-54,F,Northeast,,2024-02-29,2024-02-29,702,1,0,37095.87,0.0,37095.87,0.0,1,0,0,Ultra Long Range,7.0,4
C-CA424A0B1DEB,Individual,55-64,M,South,2024-06-01,2024-07-30,2025-10-01,122,2,1,45523.0,18320.08,22761.5,6.0,0,2,0,Super Mid,7.0,5
C-1E4BE83442DA,Individual,35-44,M,Northeast,2024-03-01,2024-03-09,2024-03-09,693,1,0,30979.06,0.0,30979.06,7.0,1,0,0,Heavy Jet,9.0,7
C-3B97AB0D9FAF,Individual,65+,F,West,2024-03-01,2024-03-03,2024-03-03,699,1,0,24494.89,0.0,24494.89,0.0,1,0,0,Light Jet,7.0,5
C-44C3D6D770D9,Business,45-54,Unknown,South,2024-10-01,2024-10-07,2025-10-17,106,6,5,275236.67,169421.68,45872.78,,2,4,0,Midsize,,6
C-165DD1248014,Individual,45-54,M,South,2024-10-01,2025-02-21,2026-01-08,23,6,6,118818.43,118818.43,19803.07,11.8,0,6,0,Midsize,7.0,3
C-E72AC1058149,Individual,35-44,M,Northeast,2026-01-01,2026-01-15,2026-01-29,2,2,2,36865.81,36865.81,18432.9,58.5,1,1,0,Midsize,,2
C-D256719BA97A,Individual,35-44,,International,2025-04-01,2025-04-24,2025-10-24,99,2,2,97352.15000000001,97352.15,48676.08,33.5,0,2,0,Super Mid,,4
C-315D455D167A,Individual,55-64,M,Unknown,2024-03-01,2024-07-21,2025-11-07,85,3,2,113264.65000000001,70011.92,37754.88,19.0,1,2,0,Light Jet,2.0,4
C-3E9DD3177891,Individual,45-54,,South,2024-04-01,2024-04-02,2024-04-02,669,1,0,16525.89,0.0,16525.89,8.0,1,0,0,Super Mid,,3
C-A2D33BA08A67,Individual,35-44,F,West,2024-04-01,2024-04-16,2026-01-16,15,14,9,274282.79,125057.15,19591.63,3.3,10,4,0,Super Mid,,4
C-4F92FDA9CAE3,Individual,35-44,F,Northeast,2024-10-01,2024-10-10,2025-05-18,258,2,1,237411.21,180288.53,118705.6,79.5,0,2,0,Heavy Jet,,3
C-C823C373357B,Individual,45-54,M,Northeast,2024-04-01,2024-04-09,2024-04-09,662,1,0,16599.89,0.0,16599.89,5.0,0,1,0,Midsize,1.0,7
C-8533CC6FC409,Individual,65+,F,West,2025-03-01,2025-03-15,2025-03-15,322,1,1,16657.78,16657.78,16657.78,,1,0,0,Midsize,,5
C-3E9DBA75462A,Individual,45-54,M,International,2024-04-01,2024-04-01,2024-10-25,463,3,0,71939.27,0.0,23979.76,1.3,2,1,0,Midsize,4.0,2
C-3AE7DF24AFC3,Individual,35-44,M,International,2024-03-01,2024-03-31,2025-02-26,339,3,1,55043.55,8697.79,18347.85,3.3,3,0,0,Midsize,,1
C-5FD2EE73A743,Individual,45-54,M,Northeast,2024-03-01,2024-03-29,2024-03-29,673,1,0,29496.56,0.0,29496.56,,1,0,0,Heavy Jet,10.0,3
C-23C7B4FAC6E5,Individual,45-54,M,Northeast,2024-04-01,2024-04-17,2025-06-05,240,10,1,558737.22,23636.97,55873.72,22.3,1,9,0,Super Mid,,5
C-6139F964DA03,Individual,25-34,F,West,2024-04-01,2024-04-04,2024-11-26,431,2,0,19130.449999999997,0.0,9565.22,,1,1,0,Light Jet,,7
C-C1836681FC72,Individual,45-54,Unknown,South,2024-04-01,2024-04-05,2024-04-05,666,1,0,76603.78,0.0,76603.78,3.0,0,1,0,Light Jet,7.0,5
C-105A27865D30,Individual,45-54,M,Northeast,2024-04-01,2024-04-28,2024-04-28,643,1,0,13513.45,0.0,13513.45,18.0,0,1,0,Midsize,,8
C-CCDB2414A874,Individual,55-64,M,Northeast,,2025-05-11,2025-11-16,76,2,2,79709.59000000001,79709.59,39854.8,4.0,1,0,1,Light Jet,1.0,4
C-81F181F1F58A,Individual,65+,F,West,2024-04-01,2024-04-12,2024-10-21,467,4,0,36083.16,0.0,9020.79,4.5,0,4,0,Light Jet,,10
C-7E0080BB01C9,Individual,55-64,M,South,2024-05-01,2024-05-08,2024-05-08,633,1,0,39362.85,0.0,39362.85,27.0,0,1,0,Heavy Jet,,2
C-283AC0A33098,Individual,45-54,M,South,2024-05-01,2024-05-05,2024-05-05,636,1,0,22020.83,0.0,22020.83,1.0,1,0,0,Heavy Jet,,4
C-F42B53A297D5,Individual,35-44,F,International,,2024-04-07,2024-04-07,664,1,0,9626.61,0.0,9626.61,0.0,1,0,0,Light Jet,7.0,4
C-348CEF1DD2F5,Individual,65+,M,South,2024-04-01,2024-04-22,2024-04-22,649,1,0,21781.44,0.0,21781.44,,0,1,0,Light Jet,8.0,6
C-9540060FF028,Individual,45-54,M,Northeast,2024-04-01,2024-04-18,2025-12-23,39,13,7,275298.0,106037.14,21176.77,27.3,6,7,0,Midsize,,3
C-46AAC5188379,Individual,45-54,M,South,2024-05-01,2024-05-10,2024-05-10,631,1,0,12547.24,0.0,12547.24,16.0,0,1,0,Ultra Long Range,1.0,9
C-84EEC5DFC8BB,Individual,45-54,F,South,2025-07-01,2025-07-24,2025-07-24,191,1,1,16635.45,16635.45,16635.45,17.0,0,1,0,Midsize,,4
C-C1287A707B7A,Individual,45-54,M,South,2024-05-01,2024-05-23,2024-05-23,618,1,0,33672.92,0.0,33672.92,38.0,0,1,0,Light Jet,7.0,0
C-8E345AEDB9AF,Individual,45-54,M,South,,2024-04-29,2025-11-11,81,2,1,55720.630000000005,27661.45,27860.32,20.5,2,0,0,Heavy Jet,,3
C-0AE50AED8182,Individual,45-54,F,Midwest,2025-08-01,2025-09-11,2026-01-12,19,3,3,57718.55,57718.55,19239.52,5.3,0,3,0,Light Jet,,6
C-EBD5F9E57228,Individual,45-54,M,South,2025-10-01,2025-11-16,2026-01-13,18,3,3,65768.57,65768.57,21922.86,,3,0,0,Light Jet,1.0,5
C-185B9DB43665,Individual,45-54,F,International,2024-04-01,2024-04-25,2025-10-08,115,2,1,26345.14,15411.37,13172.57,2.5,1,1,0,Ultra Long Range,,3
C-7AD2B9E5EE86,Individual,45-54,M,Northeast,2024-05-01,2024-05-02,2025-04-11,295,2,1,25340.46,16041.51,12670.23,5.0,1,1,0,Super Mid,,3
C-B545D99F621E,Individual,35-44,Unknown,Northeast,2024-04-01,2024-04-18,2024-07-21,559,2,0,30594.43,0.0,15297.22,0.5,2,0,0,Midsize,9.0,8
C-F473E500FBA8,Individual,45-54,M,Northeast,2024-10-01,2024-10-03,2024-10-03,485,1,0,23095.95,0.0,23095.95,28.0,0,1,0,Super Mid,,3
C-11D518C57EB3,Individual,45-54,M,Northeast,2024-04-01,2024-04-28,2024-04-28,643,1,0,18624.12,0.0,18624.12,6.0,1,0,0,Midsize,10.0,5
C-171735CAA1C3,Individual,65+,M,West,2024-04-01,2024-04-25,2024-04-25,646,1,0,16317.14,0.0,16317.14,1.0,0,1,0,Midsize,,3
C-C7D6C158C933,Individual,25-34,M,South,2024-06-01,2024-07-13,2025-07-06,209,4,1,87017.58,27854.2,21754.4,14.2,4,0,0,Super Mid,7.0,6
C-EF72AA4E9002,Individual,55-64,F,Northeast,2024-05-01,2024-06-07,2024-09-23,495,2,0,41699.56,0.0,20849.78,8.0,0,2,0,Midsize,,2
C-0E3186E6CAFC,Individual,55-64,Unknown,Midwest,2024-05-01,2024-05-07,2024-05-07,634,1,0,25011.75,0.0,25011.75,2.0,1,0,0,Midsize,2.0,5
C-DE2459B7A847,Individual,25-34,M,International,2024-07-01,2024-07-19,2025-01-17,379,2,0,70044.25,0.0,35022.12,67.0,0,2,0,Ultra Long Range,,6
C-68505F29432B,Individual,45-54,M,Midwest,2024-05-01,2024-05-05,2024-09-01,517,2,0,22916.97,0.0,11458.48,55.0,1,1,0,Heavy Jet,1.0,1
C-AE50A19FBFE7,Individual,45-54,F,Northeast,2024-05-01,2024-05-30,2024-05-30,611,1,0,17493.81,0.0,17493.81,31.0,1,0,0,Midsize,,2
C-09F3FCBEF7C3,Individual,35-44,F,West,2024-05-01,2024-05-03,2024-05-03,638,1,0,17953.5,0.0,17953.5,0.0,1,0,0,Ultra Long Range,,8
C-57EEAE72C6C6,Individual,35-44,M,Northeast,2025-07-01,2025-07-10,2025-07-10,205,1,1,15591.34,15591.34,15591.34,,1,0,0,Light Jet,4.0,5
C-225E0549CCB7,Business,35-44,M,Northeast,2024-05-01,2025-07-14,2025-07-14,201,1,1,29054.11,29054.11,29054.11,,0,1,0,Super Mid,,6
C-0B086627FAA6,Individual,65+,M,South,,2024-05-22,2025-06-09,236,4,2,48949.880000000005,25429.43,12237.47,7.5,2,2,0,Midsize,,1
C-963517C7D778,Individual,55-64,F,Northeast,2024-05-01,2024-05-31,2025-05-21,255,15,2,355467.77,48959.86,23697.85,4.4,13,2,0,Super Mid,10.0,2
C-7787350A4BAD,Individual,55-64,M,South,2024-10-01,2024-10-16,2024-10-16,472,1,0,22058.74,0.0,22058.74,22.0,1,0,0,Midsize,,0
C-2FE31A263BBB,Individual,55-64,M,Northeast,2024-09-01,2025-12-21,2025-12-21,41,1,1,38375.66,38375.66,38375.66,12.0,0,1,0,Midsize,,6
C-43E0222E2194,Business,35-44,M,Midwest,2024-05-01,2024-05-21,2024-06-27,583,2,0,31987.760000000002,0.0,15993.88,,2,0,0,Super Mid,,6
C-FD32D0A02DB3,Individual,45-54,F,South,2024-07-01,2024-09-29,2025-12-06,56,6,4,65734.58,52773.49,10955.76,35.2,6,0,0,Light Jet,,8
C-24153ED680EA,Individual,55-64,M,South,2024-06-01,2024-10-31,2026-01-04,27,11,6,483799.84,351935.47,43981.8,63.3,3,7,1,Heavy Jet,0.0,3
C-8E2C2DB4A237,Individual,35-44,M,South,2024-05-01,2024-08-11,2025-05-25,251,2,1,16586.42,16525.87,8293.21,17.0,2,0,0,Ultra Long Range,,2
C-637419B1D662,Individual,55-64,M,International,2024-12-01,2024-12-27,2024-12-27,400,1,0,104860.41,0.0,104860.41,76.0,0,1,0,Midsize,6.0,7
C-0B10133CE575,Individual,45-54,M,Northeast,2024-06-01,2024-06-19,2024-06-19,591,1,0,43059.49,0.0,43059.49,,1,0,0,Light Jet,8.0,3
C-2578A47AABA4,Individual,45-54,M,Northeast,2024-12-01,2025-04-04,2025-11-02,90,8,8,136214.71,136214.71,17026.84,9.2,4,4,0,Ultra Long Range,,4
C-9762CDAFB6D6,Individual,55-64,M,Midwest,2024-06-01,2024-06-24,2024-12-19,408,4,0,137255.84999999998,0.0,34313.96,1.2,1,2,1,Light Jet,,4
C-CAA2D54BEFE4,Individual,55-64,M,Midwest,2024-06-01,2024-11-27,2026-01-04,27,20,16,448166.84,387319.94,22408.34,14.2,12,7,1,Heavy Jet,10.0,3
C-676B1CA0F126,Individual,45-54,M,Northeast,2025-08-01,2025-08-15,2025-08-15,169,1,1,14224.74,14224.74,14224.74,16.0,0,1,0,Light Jet,5.0,8
C-608B599EB5E9,Business,55-64,Unknown,West,2024-05-01,2024-05-31,2024-05-31,610,1,0,22706.46,0.0,22706.46,0.0,1,0,0,Midsize,,3
C-43F11B4F284D,Individual,35-44,M,West,,2024-09-19,2024-09-19,499,1,0,22559.59,0.0,22559.59,62.0,0,1,0,Midsize,,4
C-7A7E958115AA,Individual,55-64,F,West,2024-06-01,2024-06-13,2026-01-03,28,22,12,798342.66,505638.21,36288.3,23.2,13,8,1,Light Jet,2.0,4
C-1A5D486F9150,Individual,55-64,M,South,2024-06-01,2024-06-07,2024-06-07,603,1,0,10863.11,0.0,10863.11,3.0,1,0,0,Heavy Jet,,2
C-85A9192CB3CE,Individual,45-54,F,Midwest,2024-06-01,2024-11-17,2025-09-14,139,5,4,170162.79,127125.34,34032.56,17.6,2,3,0,Light Jet,3.0,1
C-8542B97562D5,Individual,55-64,M,Northeast,,2024-06-29,2025-10-10,113,6,3,168656.87,99975.32,28109.48,21.7,0,5,1,Heavy Jet,,8
C-326A881D8C92,Individual,35-44,M,South,2024-09-01,2024-09-12,2024-09-12,506,1,0,10447.03,0.0,10447.03,41.0,0,1,0,Midsize,0.0,7
C-875E286B592A,Individual,55-64,M,Northeast,2024-06-01,2024-06-18,2025-03-13,324,3,1,66759.54000000001,21135.07,22253.18,2.3,2,1,0,Midsize,,2
C-033DDEAB70AE,Business,45-54,M,South,2024-09-01,2024-09-30,2025-06-09,236,2,1,52233.229999999996,4414.73,26116.62,54.0,0,0,2,Heavy Jet,,2
C-3A80375B2BD9,Business,35-44,Unknown,South,2024-07-01,2024-09-07,2025-08-30,154,7,3,230274.63999999998,122059.89,32896.38,34.0,2,5,0,Midsize,,2
C-66A305889049,Individual,55-64,F,West,2025-03-01,2025-03-18,2025-12-13,49,2,2,39050.56,39050.56,19525.28,29.0,2,0,0,Super Mid,0.0,4
C-289EFA6C381B,Individual,35-44,F,South,2024-07-01,2024-07-28,2024-07-28,552,1,0,25119.57,0.0,25119.57,12.0,1,0,0,Midsize,,4
C-27A4D29EE0B2,Individual,35-44,M,Northeast,2024-06-01,2024-06-22,2024-09-07,511,2,0,22868.76,0.0,11434.38,4.0,2,0,0,Midsize,2.0,6
C-7B7C06541C81,Individual,35-44,M,Northeast,2025-03-01,2025-03-07,2025-03-07,330,1,1,39782.82,39782.82,39782.82,1.0,1,0,0,Ultra Long Range,,4
C-547908063EC3,Business,55-64,M,South,2024-07-01,2025-07-01,2025-07-01,214,1,1,24107.51,24107.51,24107.51,2.0,1,0,0,Midsize,,3
C-937F7FA147A0,Individual,35-44,M,Unknown,2024-06-01,2024-06-28,2024-06-28,582,1,0,46042.53,0.0,46042.53,2.0,1,0,0,Ultra Long Range,,7
C-DBE9E87AFF4F,Individual,65+,M,South,2024-06-01,2024-06-25,2024-06-25,585,1,0,23783.01,0.0,23783.01,1.0,1,0,0,Midsize,10.0,7
C-08B6B2C6C1E3,Individual,25-34,M,South,2024-10-01,2024-10-04,2024-11-30,427,2,0,38847.020000000004,0.0,19423.51,12.0,2,0,0,Super Mid,,3
C-F9BC98A335BE,Individual,65+,M,South,2024-11-01,2024-11-11,2025-05-30,246,4,3,77356.03,44949.97,19339.01,11.5,2,2,0,Midsize,2.0,3
C-5BC3A7EA57D4,Individual,45-54,M,South,2024-07-01,2024-07-21,2024-07-21,559,1,0,28390.85,0.0,28390.85,,0,1,0,Midsize,,4
C-3D9BE243C241,Individual,45-54,F,South,2024-07-01,2024-11-22,2025-12-29,33,7,4,206747.09,90874.24,29535.3,28.9,1,6,0,Light Jet,,4
C-E233552A0ADB,Individual,45-54,Unknown,West,2025-12-01,2026-01-03,2026-01-03,28,1,1,25095.82,25095.82,25095.82,4.0,1,0,0,Light Jet,,3
C-C9A30BDA7858,Individual,55-64,Unknown,Unknown,,2024-08-01,2025-11-07,85,2,1,49587.68,27312.29,24793.84,16.0,0,2,0,Super Mid,,2
C-5A20817DA909,Individual,45-54,M,South,2024-07-01,2024-07-22,2026-01-31,0,12,10,270617.42,254635.24,22551.45,3.1,8,4,0,Light Jet,6.0,3
C-A947D234ABAB,Individual,55-64,,West,2024-07-01,2024-07-15,2024-07-15,565,1,0,13926.79,0.0,13926.79,3.0,1,0,0,Heavy Jet,2.0,0
C-850F84AE1035,Individual,45-54,M,West,2024-07-01,2024-07-26,2024-07-26,554,1,0,14095.19,0.0,14095.19,0.0,1,0,0,Midsize,4.0,4
C-BE60484BC2FE,Individual,45-54,F,Midwest,2025-08-01,2025-08-25,2025-08-25,159,1,1,17227.77,17227.77,17227.77,28.0,1,0,0,Light Jet,7.0,3
C-5E038F8709F7,Business,45-54,M,Northeast,2024-08-01,2024-08-13,2024-08-13,536,1,0,32887.82,0.0,32887.82,2.0,0,1,0,Light Jet,,4
C-8AD5F4ECB9D0,Individual,45-54,M,South,2024-07-01,2024-07-21,2024-07-21,559,1,0,34163.76,0.0,34163.76,0.0,1,0,0,Heavy Jet,9.0,5
C-CDBABF27F950,Individual,55-64,F,South,2024-07-01,2024-07-22,2024-07-22,558,1,0,28189.94,0.0,28189.94,0.0,1,0,0,Light Jet,,5
C-928C56EBAD0B,Business,25-34,M,West,2024-07-01,2024-08-07,2025-11-04,88,8,5,205866.27,127575.83,25733.28,5.0,0,4,4,Heavy Jet,,1
C-A47CA24E44FC,Business,25-34,Unknown,Midwest,2024-08-01,2024-10-17,2026-01-20,11,2,1,73761.36,53353.06,36880.68,39.5,0,2,0,Super Mid,7.0,3
C-B8ACFF928177,Individual,55-64,M,South,2024-07-01,2024-07-26,2024-07-26,554,1,0,13342.39,0.0,13342.39,,1,0,0,Light Jet,10.0,3
C-86D415140846,Individual,45-54,M,Northeast,2024-08-01,2024-09-08,2025-09-20,133,4,2,60837.0,38538.76,15209.25,10.8,4,0,0,Heavy Jet,,4
C-D8F926EC0615,Individual,45-54,M,Midwest,2024-08-01,2024-08-28,2026-01-15,16,8,4,263517.63,181890.7,32939.7,9.4,4,4,0,Ultra Long Range,,2
C-9EBC2F69336D,Individual,45-54,M,West,2024-08-01,2024-08-15,2025-10-30,93,10,1,184199.78,18944.11,18419.98,28.7,5,4,1,Light Jet,,4
C-26D77CF61D5D,Individual,55-64,M,Unknown,2024-08-01,2024-08-15,2024-08-15,534,1,0,18392.66,0.0,18392.66,14.0,0,1,0,Super Mid,,3
C-7763CFEF29EC,Individual,45-54,M,West,2024-08-01,2024-08-05,2024-08-05,544,1,0,12422.25,0.0,12422.25,0.0,1,0,0,Midsize,3.0,0
C-0D3222238972,Individual,35-44,F,Northeast,2024-08-01,2024-12-21,2025-12-28,34,3,2,152191.34,94395.33,50730.45,85.0,0,3,0,Super Mid,,3
C-3356C773205B,Individual,45-54,M,Northeast,2024-08-01,2024-08-22,2024-08-22,527,1,0,23836.28,0.0,23836.28,8.0,0,1,0,Super Mid,4.0,5
C-DC485735FB9A,Individual,35-44,M,West,2025-10-01,2025-11-16,2025-11-16,76,1,1,23369.11,23369.11,23369.11,23.0,0,1,0,Midsize,2.0,4
C-DE5B916F45FB,Individual,55-64,M,South,2024-09-01,2024-09-19,2024-09-19,499,1,0,19272.1,0.0,19272.1,37.0,0,1,0,Midsize,,3
C-C10838D096E8,Individual,25-34,Unknown,Northeast,2024-11-01,2024-12-30,2025-07-13,202,2,1,48524.68,24183.3,24262.34,21.0,0,2,0,Midsize,6.0,6
C-38AB89D3B31C,Individual,55-64,M,West,2024-08-01,2024-08-19,2025-07-03,212,2,1,24257.739999999998,7863.82,12128.87,1.0,1,1,0,Super Mid,9.0,1
C-14EEEA3FFCAC,Individual,55-64,M,South,2025-02-01,2025-03-07,2025-12-02,60,5,5,146148.46,146148.46,29229.69,16.6,0,5,0,Super Mid,,2
C-765818B9E590,Individual,45-54,F,West,2024-09-01,2024-09-04,2024-09-04,514,1,0,24082.06,0.0,24082.06,1.0,1,0,0,Midsize,,3
C-F73CC18D2C8F,Individual,55-64,F,Northeast,2025-12-01,2025-12-12,2025-12-12,50,1,1,69162.82,69162.82,69162.82,14.0,0,1,0,Light Jet,,3
C-0BF701BA0750,Individual,65+,M,International,2024-09-01,2024-10-19,2024-10-19,469,1,0,28418.44,0.0,28418.44,16.0,0,1,0,Heavy Jet,,8
C-97E6EF1797CC,Individual,55-64,F,South,2024-09-01,2024-09-06,2024-09-06,512,1,0,15049.55,0.0,15049.55,0.0,1,0,0,Light Jet,,1
C-C63B67DC94C2,Individual,25-34,M,South,2024-09-01,2025-01-23,2026-01-22,9,6,5,198911.82,132117.92,33151.97,48.2,3,3,0,Ultra Long Range,0.0,5
C-679DC32CBA64,Individual,35-44,M,West,2024-09-01,2024-11-22,2025-12-18,44,9,6,382449.27,230654.91,42494.36,19.4,8,1,0,Ultra Long Range,,2
C-045D11E47562,Individual,45-54,M,South,2025-01-01,2025-01-30,2025-01-30,366,1,0,88297.5,0.0,88297.5,44.0,0,1,0,Midsize,,2
C-3D851B3169A8,Individual,45-54,M,West,2024-09-01,2024-09-22,2024-09-22,496,1,0,15695.04,0.0,15695.04,10.0,0,1,0,Super Mid,,1
C-3A7089DC5CA6,Individual,55-64,F,West,2024-09-01,2024-09-28,2025-11-17,75,2,1,64870.47,47299.51,32435.24,25.0,1,1,0,Heavy Jet,,1
C-F56D12CD21D4,Individual,35-44,M,South,2024-09-01,2024-09-18,2024-09-18,500,1,0,11099.55,0.0,11099.55,2.0,1,0,0,Midsize,0.0,4
C-B5DEE96A7331,Individual,45-54,M,Northeast,2024-10-01,2024-10-15,2025-10-16,107,3,1,92185.43,32833.59,30728.48,,3,0,0,Heavy Jet,,6
C-A6D765985EBA,Individual,35-44,F,Northeast,,2024-11-13,2024-11-13,444,1,0,16368.11,0.0,16368.11,44.0,0,1,0,Midsize,,5
C-666FE932D20A,Individual,45-54,F,Northeast,2024-10-01,2024-12-22,2025-04-06,300,3,1,55777.05,10401.59,18592.35,,2,1,0,Ultra Long Range,,6
C-15A1FA1809A4,Individual,35-44,,International,2025-01-01,2025-01-19,2025-03-13,324,3,2,58085.69,24782.04,19361.9,2.3,1,2,0,Heavy Jet,,7
C-1A393BA35286,Individual,35-44,M,Midwest,2025-07-01,2025-07-19,2026-01-14,17,8,8,251217.84999999998,251217.85,31402.23,9.0,2,4,2,Light Jet,1.0,5
C-872AAA62510B,Individual,35-44,M,West,2025-05-01,2025-06-09,2025-10-02,121,3,3,64769.78,64769.78,21589.93,24.7,0,3,0,Super Mid,,5
C-01169B9E9998,Individual,35-44,F,West,2024-10-01,2024-10-22,2025-12-05,57,28,19,1435754.07,920928.25,51276.93,25.8,2,17,9,Heavy Jet,8.0,3
C-C6C722043E70,Individual,55-64,M,Northeast,2024-10-01,2024-10-13,2024-10-13,475,1,0,2822.43,0.0,2822.43,6.0,1,0,0,Light Jet,,1
C-8009B849D8E8,Individual,35-44,Unknown,International,2024-10-01,2024-10-08,2024-10-08,480,1,0,31683.92,0.0,31683.92,0.0,1,0,0,Heavy Jet,8.0,5
C-D56F15F601F1,Individual,65+,M,West,2024-10-01,2024-10-21,2024-11-21,436,2,0,37519.229999999996,0.0,18759.61,14.5,0,2,0,Light Jet,3.0,3
C-C46AC34439DF,Individual,55-64,M,West,2025-10-01,2025-10-29,2026-01-30,1,2,2,41104.11,41104.11,20552.06,4.5,1,1,0,Midsize,,2
C-FEAD0B10F91B,Individual,45-54,M,Midwest,2024-11-01,2025-01-29,2025-01-29,367,1,0,35228.39,0.0,35228.39,5.0,0,1,0,Light Jet,,5
C-AC971F9B4CFD,Individual,35-44,M,South,2024-11-01,2025-05-01,2025-05-05,271,3,3,65220.020000000004,65220.02,21740.01,13.0,2,1,0,Light Jet,,2
C-F20346F5AE7D,Individual,55-64,M,West,2024-11-01,2024-11-26,2026-01-18,13,28,25,617404.07,560020.41,22050.15,7.5,17,10,1,Midsize,,4
C-EDE8A8AF8B1B,Individual,45-54,Other,South,2024-12-01,2024-12-10,2024-12-10,417,1,0,20917.89,0.0,20917.89,32.0,0,1,0,Light Jet,8.0,6
C-B791E313FE57,Individual,45-54,M,Northeast,2025-06-01,2025-06-28,2025-08-27,157,2,2,44995.68,44995.68,22497.84,12.0,2,0,0,Ultra Long Range,0.0,4
C-73D23F7CB16A,Individual,65+,M,Northeast,2024-11-01,2024-11-02,2024-11-02,455,1,0,12441.5,0.0,12441.5,9.0,0,1,0,Super Mid,1.0,6
C-92DC90BE2F9C,Individual,45-54,F,Unknown,2025-06-01,2025-07-25,2025-07-25,190,1,1,38782.92,38782.92,38782.92,44.0,0,1,0,Light Jet,6.0,8
C-C876FEEB59AC,Individual,55-64,M,Midwest,2024-10-01,2025-01-06,2026-01-19,12,2,1,122763.51,53544.59,61381.76,,0,1,1,Midsize,,4
C-A5ACB058F49F,Individual,35-44,F,West,2024-12-01,2025-02-17,2025-10-17,106,14,14,185190.71,185190.71,13227.91,7.9,7,7,0,Midsize,,7
C-F52A9609BE4F,Individual,45-54,M,West,2024-12-01,2024-12-15,2024-12-15,412,1,0,9947.79,0.0,9947.79,45.0,1,0,0,Light Jet,,7
C-4A602A1CA7E0,Individual,65+,M,Northeast,2025-07-01,2025-07-19,2025-07-19,196,1,1,16445.28,16445.28,16445.28,50.0,0,1,0,Midsize,,2
C-E550FCAC4C96,Individual,45-54,M,International,2024-11-01,2024-11-21,2024-11-21,436,1,0,79324.28,0.0,79324.28,13.0,0,1,0,Super Mid,,4
C-FED949D1B553,Individual,65+,M,Northeast,2024-11-01,2024-11-22,2026-01-03,28,13,10,347513.14,241435.22,26731.78,12.2,9,4,0,Midsize,,5
C-96920882FB19,Individual,55-64,Other,Northeast,2025-01-01,2025-01-18,2025-12-14,48,4,3,122064.75,103713.55,30516.19,17.8,1,3,0,Light Jet,5.0,3
C-F1501B8B1B63,Individual,45-54,M,South,2024-11-01,2024-12-18,2025-12-27,35,6,4,139438.66999999998,77351.08,23239.78,15.5,4,2,0,Heavy Jet,,2
C-7538F84D6E47,Individual,55-64,M,West,2025-03-01,2025-03-21,2025-11-22,70,4,4,106561.57,106561.57,26640.39,11.2,0,3,1,Light Jet,,4
C-AC9AE3E22CB0,Individual,55-64,M,West,2025-04-01,2025-04-12,2025-08-29,155,2,2,23180.35,23180.35,11590.18,0.5,2,0,0,Midsize,5.0,3
C-9081733FCA9C,Business,55-64,M,Northeast,2025-04-01,2025-04-16,2025-04-16,290,1,1,8556.96,8556.96,8556.96,2.0,1,0,0,Heavy Jet,,3
C-290D620F7A90,Individual,35-44,F,South,2025-03-01,2025-03-09,2025-03-09,328,1,1,23499.2,23499.2,23499.2,5.0,1,0,0,Light Jet,,5
C-3CBA3D097EE4,Individual,35-44,M,Midwest,2024-11-01,2024-11-13,2024-11-13,444,1,0,10122.33,0.0,10122.33,5.0,1,0,0,Midsize,,8
C-2FA40928C731,Individual,45-54,M,South,2024-12-01,2024-12-03,2024-12-03,424,1,0,42768.04,0.0,42768.04,2.0,1,0,0,Heavy Jet,,7
C-A575BB0269F8,Individual,45-54,Unknown,West,2024-12-01,2024-12-29,2025-11-22,70,5,4,125598.78,89353.89,25119.76,11.0,0,4,1,Light Jet,9.0,6
C-C4217A165D31,Individual,55-64,M,Unknown,2024-11-01,2024-11-24,2025-11-03,89,8,4,212966.88999999998,100109.26,26620.86,9.6,5,1,2,Super Mid,0.0,1
C-DA152E9CEA99,Individual,45-54,Unknown,Northeast,2024-11-01,2024-11-24,2024-11-24,433,1,0,31104.26,0.0,31104.26,2.0,1,0,0,Ultra Long Range,6.0,5
C-78A9F6A5DE02,Individual,35-44,M,South,2025-05-01,2025-05-27,2026-01-20,11,11,11,196498.05000000002,196498.05,17863.46,27.6,9,2,0,Midsize,,5
C-D3C0F3419653,Individual,55-64,M,West,2024-12-01,2024-12-29,2024-12-29,398,1,0,24170.84,0.0,24170.84,15.0,1,0,0,Super Mid,6.0,8
C-F780C5D178B4,Individual,55-64,M,Midwest,2025-12-01,2026-01-25,2026-01-25,6,1,1,29423.39,29423.39,29423.39,25.0,1,0,0,Light Jet,,2
C-CA3F07E49D68,Individual,55-64,F,Northeast,2024-12-01,2024-12-01,2024-12-01,426,1,0,10343.21,0.0,10343.21,4.0,1,0,0,Light Jet,,2
C-24E4DF264702,Business,55-64,Unknown,Unknown,2024-12-01,2025-01-05,2025-11-16,76,7,6,292583.24,259520.56,41797.61,,5,1,1,Light Jet,,4
C-F49A2ADF87DB,Individual,55-64,M,South,2025-07-01,2025-09-27,2026-01-29,2,2,2,51883.68,51883.68,25941.84,,1,1,0,Midsize,3.0,4
C-818FB7DE19E1,Individual,55-64,M,Northeast,2023-12-01,2024-01-28,2025-12-17,45,9,5,166339.90000000002,102488.81,18482.21,3.2,4,4,1,Ultra Long Range,,6
C-92DA1A7CEDF4,Individual,45-54,M,West,2024-11-01,2024-12-26,2025-12-20,42,5,4,83392.37,65626.99,16678.47,37.4,4,1,0,Light Jet,3.0,2
C-B61623BB2DB5,Individual,35-44,M,Midwest,,2025-04-23,2025-10-22,101,5,5,60586.82,60586.82,12117.36,40.6,3,2,0,Light Jet,10.0,6
C-AC20117907CB,Individual,55-64,M,South,2025-01-01,2025-01-26,2025-06-28,217,3,2,144415.9,99042.79,48138.63,,3,0,0,Midsize,,6
C-504A37FF250D,Individual,45-54,Unknown,West,2024-11-01,2024-11-30,2024-11-30,427,1,0,0.0,0.0,0.0,,0,1,0,Midsize,,5
C-EFD343DDCA1A,Individual,45-54,M,Northeast,2024-11-01,2024-11-29,2024-11-29,428,1,0,33066.98,0.0,33066.98,3.0,1,0,0,Super Mid,,2
C-5FB7E5AD609E,Individual,35-44,,Northeast,2025-09-01,2025-09-20,2025-09-20,133,1,1,52495.33,52495.33,52495.33,52.0,0,1,0,Heavy Jet,9.0,2
C-36831B2CF07F,Individual,35-44,M,South,2024-12-01,2024-12-04,2025-07-26,189,4,2,66800.04999999999,29993.29,16700.01,2.8,3,1,0,Midsize,10.0,3
C-B597361F1EF2,Individual,55-64,M,Midwest,2025-01-01,2025-01-14,2025-06-28,217,3,2,94073.25,69484.23,31357.75,,0,3,0,Midsize,,1
C-85B1EFCD2D75,Individual,45-54,M,South,2024-12-01,2024-12-30,2024-12-30,397,1,0,25903.36,0.0,25903.36,19.0,0,1,0,Ultra Long Range,7.0,3
C-B27FB8E174E5,Individual,55-64,M,South,2025-01-01,2025-01-16,2026-01-23,8,2,1,94848.69,46131.1,47424.34,25.0,0,2,0,Light Jet,1.0,6
C-51F234C04073,Individual,45-54,,South,2024-12-01,2025-02-14,2025-05-23,253,2,2,35206.990000000005,35206.99,17603.5,10.5,1,1,0,Light Jet,,4
C-D2BFC4B5F0E1,Business,45-54,Unknown,Midwest,2025-03-01,2025-04-25,2026-01-03,28,10,10,526630.59,526630.59,52663.06,39.6,2,8,0,Ultra Long Range,7.0,5
C-E531E6D203AC,Individual,55-64,M,West,2024-12-01,2025-01-17,2026-01-23,8,10,9,253487.09,244597.07,25348.71,24.6,2,8,0,Light Jet,,3
C-84B5FF74525E,Business,35-44,M,West,2025-01-01,2025-02-27,2025-10-14,109,13,13,161997.84,161997.84,12461.37,4.3,11,2,0,Super Mid,,6
C-8519E1916ABB,Individual,45-54,F,South,2025-01-01,2025-05-22,2026-01-06,25,4,4,74644.64,74644.64,18661.16,21.5,1,3,0,Ultra Long Range,,3
C-B1B36943D2FF,Individual,45-54,F,West,2025-02-01,2025-02-28,2026-01-23,8,34,34,766054.73,766054.73,22531.02,38.6,8,26,0,Midsize,,6
C-1E14F112531A,Individual,45-54,M,Northeast,2025-01-01,2025-06-28,2025-11-15,77,2,2,54928.490000000005,54928.49,27464.25,11.5,2,0,0,Light Jet,0.0,8
C-D23361C28C3E,Individual,45-54,F,Midwest,2025-01-01,2025-01-03,2025-01-03,393,1,0,21045.56,0.0,21045.56,,1,0,0,Ultra Long Range,,4
C-BC9A34F39546,Individual,45-54,M,Midwest,2025-01-01,2025-01-07,2026-01-14,17,9,8,165380.05,153632.61,18375.56,12.2,6,2,1,Midsize,7.0,2
C-1F94B0D36C88,Individual,45-54,M,South,2025-08-01,2025-10-17,2025-12-30,32,3,3,66591.67,66591.67,22197.22,24.7,1,2,0,Light Jet,,4
C-5C85B31B77F1,Business,65+,F,West,2025-10-01,2025-12-12,2025-12-12,50,1,1,16522.33,16522.33,16522.33,10.0,1,0,0,Ultra Long Range,,5
C-01A8C1806C25,Individual,35-44,M,South,2025-10-01,2025-11-23,2025-11-23,69,1,1,12314.0,12314.0,12314.0,15.0,1,0,0,Midsize,7.0,7
C-9E25AFE6F5BB,Individual,45-54,M,Northeast,2025-07-01,2025-10-10,2025-10-10,113,1,1,23234.47,23234.47,23234.47,4.0,0,1,0,Midsize,5.0,7
C-A58CA1E4683A,Individual,45-54,Unknown,South,2025-01-01,2025-01-18,2025-10-09,114,3,2,148163.22999999998,95149.74,49387.74,15.5,0,3,0,Midsize,,3
C-6BD76C9970BA,Individual,65+,F,South,,2025-02-20,2025-02-20,345,1,1,86317.76,86317.76,86317.76,3.0,0,1,0,Super Mid,,8
C-8FC4FD689A09,Individual,45-54,,Northeast,2025-01-01,2025-07-12,2025-07-12,203,1,1,35907.05,35907.05,35907.05,164.0,0,1,0,Ultra Long Range,,2
C-4087A63B0C45,Individual,55-64,M,West,2025-05-01,2025-05-23,2025-11-20,72,3,3,387578.21,387578.21,129192.74,19.0,1,2,0,Light Jet,7.0,4
C-43760DF9FA7D,Individual,35-44,M,Northeast,2025-01-01,2025-01-23,2025-01-23,373,1,0,19159.6,0.0,19159.6,0.0,1,0,0,Midsize,,2
C-0039E1748BF8,Individual,45-54,M,West,2025-02-01,2025-05-18,2025-10-22,101,2,2,41806.69,41806.69,20903.34,63.5,2,0,0,Light Jet,,2
C-6291A46BC516,Individual,55-64,M,Northeast,,2025-07-18,2025-07-18,197,1,1,9746.27,9746.27,9746.27,59.0,0,1,0,Super Mid,,5
C-42CD1304B27A,Individual,45-54,M,South,2025-09-01,2025-12-06,2025-12-06,56,1,1,13522.52,13522.52,13522.52,36.0,1,0,0,Light Jet,,3
C-0150F71406B1,Individual,55-64,M,West,2025-02-01,2025-02-01,2025-02-01,364,1,1,25589.98,25589.98,25589.98,2.0,1,0,0,Ultra Long Range,,4
C-BB91B514A301,Individual,45-54,F,South,2025-03-01,2025-03-08,2026-01-24,7,4,4,108052.03,108052.03,27013.01,1.2,3,1,0,Ultra Long Range,,5
C-0772ED0F93A3,Individual,65+,M,Northeast,2025-10-01,2025-10-10,2025-10-10,113,1,1,12734.21,12734.21,12734.21,2.0,1,0,0,Ultra Long Range,,3
C-FC70FCFA4C4C,Individual,65+,M,West,2025-02-01,2025-03-20,2025-09-23,130,4,4,116966.69,116966.69,29241.67,,0,3,1,Super Mid,,6
C-DBDD3C98A2FF,Individual,45-54,F,Northeast,2025-02-01,2025-02-22,2025-12-30,32,17,17,335132.19,335132.19,19713.66,,9,8,0,Light Jet,,4
C-5967CCC6542B,Individual,45-54,M,South,2025-02-01,2025-04-23,2025-11-25,67,7,7,122711.19,122711.19,17530.17,20.1,2,5,0,Light Jet,6.0,4
C-7DF956CC61E9,Individual,65+,M,Northeast,2025-04-01,2025-06-02,2025-09-20,133,4,4,89754.65,89754.65,22438.66,23.0,1,3,0,Light Jet,8.0,5
C-6419C2D71C76,Individual,65+,M,International,2025-05-01,2025-05-22,2025-12-09,53,3,3,85044.98,85044.98,28348.33,19.0,2,1,0,Heavy Jet,,8
C-122CE47C0C1C,Individual,45-54,M,West,2025-04-01,2025-04-30,2025-04-30,276,1,1,31453.43,31453.43,31453.43,51.0,1,0,0,Light Jet,,2
C-2B1155B62DE7,Individual,45-54,F,West,2025-03-01,2025-03-15,2025-03-15,322,1,1,79708.91,79708.91,79708.91,9.0,0,1,0,Super Mid,,3
C-D5EE3C0639ED,Individual,45-54,M,West,2025-03-01,2025-03-24,2025-06-19,226,4,4,141702.37,141702.37,35425.59,7.0,3,0,1,Midsize,,1
C-A4862ED7781C,Individual,35-44,M,South,2025-05-01,2025-05-03,2025-10-19,104,2,2,33866.39,33866.39,16933.2,35.5,2,0,0,Light Jet,10.0,5
C-1B299962F3F3,Individual,35-44,F,Northeast,2025-03-01,2025-03-19,2025-03-23,314,2,2,33846.66,33846.66,16923.33,8.0,1,1,0,Midsize,,5
C-5D186DD85FEB,Individual,35-44,F,West,2025-03-01,2025-03-06,2025-08-16,168,4,4,113278.46,113278.46,28319.62,22.2,0,4,0,Super Mid,8.0,2
C-AE68C55197B7,Business,35-44,Unknown,South,2025-05-01,2025-05-30,2025-05-30,246,1,1,19128.3,19128.3,19128.3,17.0,0,1,0,Midsize,,2
C-93C2033264AE,Individual,45-54,M,South,2025-03-01,2025-03-16,2025-03-16,321,1,1,26616.38,26616.38,26616.38,4.0,0,1,0,Light Jet,,3
C-11B4B8A0DC60,Individual,45-54,M,South,2025-08-01,2025-08-22,2025-08-22,162,1,1,96070.97,96070.97,96070.97,92.0,0,1,0,Midsize,,7
C-C2204C1EE3EF,Individual,65+,,Northeast,2025-03-01,2025-03-13,2025-03-13,324,1,1,78648.9,78648.9,78648.9,0.0,0,1,0,Light Jet,,5
C-CE7FC834BF0F,Individual,35-44,F,Unknown,2025-04-01,2025-05-14,2026-01-30,1,4,4,81760.13,81760.13,20440.03,25.5,2,2,0,Midsize,,5
C-D164441194DD,Individual,55-64,M,South,2025-04-01,2025-04-15,2025-04-15,291,1,1,20894.71,20894.71,20894.71,4.0,1,0,0,Heavy Jet,,6
C-F7DD53034D2E,Individual,45-54,M,Northeast,2025-03-01,2025-03-23,2025-11-23,69,10,10,149251.23,149251.23,14925.12,3.3,9,1,0,Midsize,3.0,3
C-3940BD976737,Individual,45-54,M,South,2025-04-01,2025-04-13,2025-12-27,35,3,3,217327.11,217327.11,72442.37,21.0,0,3,0,Heavy Jet,,6
C-94F5BBCCC52F,Individual,55-64,Other,Unknown,2025-12-01,2025-12-05,2025-12-05,57,1,1,29121.81,29121.81,29121.81,15.0,0,1,0,Light Jet,,3
C-1D82E30A8F9A,Individual,35-44,M,South,2025-04-01,2025-04-05,2025-04-05,301,1,1,37222.93,37222.93,37222.93,6.0,1,0,0,Heavy Jet,,6
C-B167C4EEB7FF,Individual,55-64,M,Northeast,2025-04-01,2025-05-04,2025-07-16,199,3,3,49997.91,49997.91,16665.97,6.7,1,2,0,Midsize,,7
C-728F3C91C7C7,Individual,45-54,M,West,,2025-08-12,2025-11-16,76,4,4,107604.86,107604.86,26901.22,5.2,4,0,0,Light Jet,9.0,3
C-ABC1294758DB,Individual,55-64,M,West,2025-04-01,2025-06-03,2025-06-03,242,1,1,19922.67,19922.67,19922.67,6.0,1,0,0,Super Mid,,1
C-13724AA32A40,Individual,45-54,F,Northeast,2025-04-01,2025-04-08,2025-04-08,298,1,1,12964.88,12964.88,12964.88,5.0,1,0,0,Super Mid,,3
C-28C2454717E5,Individual,65+,M,Northeast,2025-10-01,2025-10-10,2025-10-10,113,1,1,37917.59,37917.59,37917.59,23.0,0,1,0,Light Jet,,5
C-012B5D1B0BA3,Individual,45-54,F,Northeast,2025-04-01,2025-05-08,2025-12-19,43,4,4,97247.69,97247.69,24311.92,2.8,2,2,0,Super Mid,2.0,2
C-BFF8363AD62D,Individual,45-54,Unknown,South,2025-04-01,2025-04-26,2025-12-06,56,3,3,64071.03,64071.03,21357.01,,0,3,0,Heavy Jet,,5
C-F73960119C44,Individual,45-54,M,South,2025-04-01,2025-06-28,2025-11-29,63,13,13,269837.89,269837.89,20756.76,8.2,11,2,0,Super Mid,,4
C-DCAFD456AF01,Individual,45-54,M,Northeast,2025-06-01,2025-06-12,2025-06-12,233,1,1,27597.27,27597.27,27597.27,41.0,1,0,0,Ultra Long Range,4.0,3
C-ABBF01205112,Individual,45-54,M,South,2025-06-01,2025-06-14,2025-06-14,231,1,1,33344.21,33344.21,33344.21,23.0,1,0,0,Midsize,,6
C-106BF0FF1A57,Individual,55-64,F,South,2025-08-01,2025-08-14,2025-08-14,170,1,1,70399.59,70399.59,70399.59,52.0,0,1,0,Super Mid,,5
C-772B7E5C76B5,Individual,65+,M,West,2025-05-01,2025-05-06,2025-05-06,270,1,1,20351.85,20351.85,20351.85,20.0,1,0,0,Heavy Jet,,10
C-329D9FA313E2,Individual,45-54,M,Unknown,2025-04-01,2025-06-09,2025-10-10,113,3,3,125116.6,125116.6,41705.53,13.7,0,3,0,Ultra Long Range,10.0,9
C-286DE5443AD9,Individual,35-44,F,West,2026-01-01,2026-01-17,2026-01-30,1,3,3,35237.729999999996,35237.73,11745.91,5.7,0,3,0,Heavy Jet,,3
C-4660E958F1AA,Individual,55-64,M,South,,2025-04-19,2025-11-24,68,3,3,64197.04,64197.04,21399.01,6.5,2,1,0,Ultra Long Range,,1
C-5A6FA13F0978,Individual,45-54,Unknown,South,2025-04-01,2025-04-20,2025-04-20,286,1,1,12054.9,12054.9,12054.9,3.0,1,0,0,Midsize,10.0,6
C-A10561D49DA5,Individual,55-64,M,International,,2025-06-21,2025-10-24,99,3,3,80352.76000000001,80352.76,26784.25,25.7,0,3,0,Midsize,,4
C-EA419C2D779F,Individual,45-54,M,South,2025-04-01,2025-05-10,2025-11-13,79,7,7,97965.09,97965.09,13995.01,2.7,6,1,0,Heavy Jet,,4
C-6D552A864FE3,Individual,35-44,F,South,2025-07-01,2025-07-10,2025-07-10,205,1,1,22991.13,22991.13,22991.13,76.0,1,0,0,Heavy Jet,,3
C-4B63B43C705A,Individual,65+,F,Northeast,2025-05-01,2025-05-23,2025-05-23,253,1,1,57423.15,57423.15,57423.15,25.0,0,1,0,Midsize,,4
C-D2920CB788F0,Individual,65+,M,West,2026-01-01,2026-01-05,2026-01-05,26,1,1,68331.86,68331.86,68331.86,1.0,1,0,0,Midsize,,7
C-5A8FC048632F,Individual,45-54,F,West,2025-05-01,2025-05-06,2025-09-01,152,5,5,359378.16,359378.16,71875.63,9.6,2,1,2,Light Jet,,2
C-10398A302ED2,Individual,45-54,Other,South,2025-06-01,2025-06-18,2025-06-18,227,1,1,4502.58,4502.58,4502.58,0.0,1,0,0,Heavy Jet,,3
C-633D8AD5D3D2,Individual,45-54,M,South,,2025-05-29,2025-05-29,247,1,1,14149.5,14149.5,14149.5,27.0,1,0,0,Light Jet,3.0,2
C-2AAE8620F6CF,Individual,55-64,Unknown,Unknown,2025-05-01,2025-05-04,2025-05-04,272,1,1,40779.24,40779.24,40779.24,3.0,1,0,0,Light Jet,,10
C-44A0BD3D60E2,Individual,55-64,M,South,2025-06-01,2025-06-12,2025-12-27,35,3,3,156540.66,156540.66,52180.22,24.0,0,3,0,Midsize,,3
C-F84F966F8E17,Individual,65+,,West,2025-05-01,2025-05-23,2025-05-23,253,1,1,16037.64,16037.64,16037.64,5.0,0,1,0,Super Mid,,5
C-220CEADA4E71,Individual,45-54,M,West,2025-05-01,2025-06-28,2025-12-23,39,2,2,147168.93,147168.93,73584.46,15.0,0,1,1,Midsize,6.0,2
C-12941701B853,Individual,35-44,F,West,2025-09-01,2025-09-03,2025-09-03,150,1,1,51450.62,51450.62,51450.62,91.0,0,1,0,Light Jet,10.0,5
C-926910BAA894,Individual,35-44,M,South,2025-06-01,2025-06-09,2025-06-09,236,1,1,62084.87,62084.87,62084.87,11.0,0,0,1,Midsize,4.0,0
C-50403FBD088F,Individual,35-44,M,South,2025-06-01,2025-06-20,2025-10-31,92,3,3,60452.48,60452.48,20150.83,22.0,2,1,0,Midsize,,1
C-2087FDF0325F,Individual,45-54,M,Northeast,2025-05-01,2025-05-30,2025-05-30,246,1,1,50835.42,50835.42,50835.42,1.0,1,0,0,Heavy Jet,,3
C-0109DFE0E3AF,Individual,65+,M,Midwest,2025-08-01,2025-08-07,2025-08-07,177,1,1,19161.64,19161.64,19161.64,28.0,1,0,0,Midsize,,5
C-970FB6737C71,Individual,45-54,M,International,2025-07-01,2025-07-07,2025-07-07,208,1,1,26621.88,26621.88,26621.88,30.0,0,1,0,Ultra Long Range,,1
C-728275829686,Individual,45-54,F,South,2025-07-01,2025-07-12,2025-07-12,203,1,1,28184.39,28184.39,28184.39,15.0,1,0,0,Midsize,,3
C-36BD284A0AFA,Business,45-54,Unknown,South,2025-06-01,2025-07-17,2025-09-18,135,3,3,58024.39,58024.39,19341.46,4.0,2,1,0,Light Jet,,5
C-D3D898C6835D,Individual,55-64,M,International,2025-07-01,2025-07-17,2025-07-17,198,1,1,44639.76,44639.76,44639.76,7.0,1,0,0,Light Jet,1.0,7
C-48543028C788,Individual,65+,,West,2025-08-01,2025-08-11,2025-08-11,173,1,1,130921.12,130921.12,130921.12,53.0,0,1,0,Heavy Jet,,1
C-D901A18DD9DB,Individual,45-54,M,Midwest,2025-06-01,2025-06-18,2025-06-18,227,1,1,7964.53,7964.53,7964.53,5.0,1,0,0,Midsize,,5
C-8FEA7A6E0332,Individual,45-54,Unknown,South,2025-06-01,2025-06-19,2025-06-19,226,1,1,15638.03,15638.03,15638.03,1.0,1,0,0,Midsize,3.0,4
C-3368087805DB,Individual,55-64,M,Northeast,2025-08-01,2025-08-09,2025-08-09,175,1,1,18074.13,18074.13,18074.13,17.0,1,0,0,Light Jet,9.0,3
C-F9F27DA25E46,Individual,55-64,M,West,2025-07-01,2025-07-05,2025-07-05,210,1,1,37704.53,37704.53,37704.53,12.0,1,0,0,Super Mid,1.0,4
C-11C03B49E741,Individual,65+,M,West,2025-06-01,2025-06-30,2025-07-24,191,2,2,45855.54,45855.54,22927.77,4.5,2,0,0,Heavy Jet,,4
C-AC7BCED547A4,Individual,55-64,F,Northeast,2025-07-01,2025-07-15,2025-07-15,200,1,1,45289.43,45289.43,45289.43,,1,0,0,Light Jet,2.0,2
C-C4831656CB34,Individual,45-54,M,South,2025-08-01,2025-08-05,2025-08-05,179,2,2,109278.51999999999,109278.52,54639.26,9.0,0,2,0,Midsize,,6
C-0DBD28A6569F,Individual,55-64,M,Northeast,2025-07-01,2025-07-26,2025-07-26,189,1,1,19407.41,19407.41,19407.41,0.0,1,0,0,Ultra Long Range,,7
C-1CF21089DE6E,Individual,55-64,M,South,2025-08-01,2025-08-10,2025-08-10,174,1,1,20076.86,20076.86,20076.86,15.0,1,0,0,Heavy Jet,,3
C-FD8824AC486C,Individual,55-64,M,Northeast,2025-07-01,2025-08-08,2025-11-26,66,10,10,184942.25,184942.25,18494.22,5.8,4,6,0,Super Mid,0.0,3
C-0A3EADD84601,Individual,55-64,M,International,2025-11-01,2025-11-07,2025-11-07,85,1,1,10776.41,10776.41,10776.41,7.0,0,1,0,Midsize,,3
C-AE72ACF87A04,Individual,55-64,F,Northeast,2025-10-01,2025-10-05,2026-01-15,16,2,2,58780.96,58780.96,29390.48,40.0,1,1,0,Midsize,5.0,3
C-4E9D38910DCD,Individual,55-64,F,Midwest,2025-08-01,2025-08-07,2025-11-23,69,2,2,44215.44,44215.44,22107.72,11.5,2,0,0,Midsize,3.0,2
C-2A22F4136A5A,Individual,65+,M,South,2025-08-01,2025-08-28,2025-11-06,86,3,3,140234.99,140234.99,46745.0,18.0,0,3,0,Super Mid,8.0,6
C-B211B5244E6D,Individual,55-64,F,West,2025-08-01,2025-08-01,2025-08-01,183,1,1,20248.46,20248.46,20248.46,0.0,1,0,0,Ultra Long Range,,6
C-E1E9D01E2A6E,Individual,45-54,M,Unknown,2025-08-01,2025-09-17,2025-09-17,136,1,1,35811.22,35811.22,35811.22,12.0,0,0,1,Midsize,6.0,2
C-7ABA627246D0,Individual,45-54,F,South,2025-08-01,2025-08-24,2025-09-15,138,2,2,62150.200000000004,62150.2,31075.1,3.0,2,0,0,Light Jet,,3
C-EF4FEC99FE1B,Individual,55-64,F,South,2025-11-01,2025-11-06,2025-11-06,86,1,1,50768.38,50768.38,50768.38,22.0,0,1,0,Light Jet,,4
C-7582B993472C,Individual,35-44,M,Northeast,2025-09-01,2025-12-08,2026-01-24,7,5,5,81959.36,81959.36,16391.87,5.8,5,0,0,Light Jet,7.0,3
C-931CD3BDE57E,Individual,55-64,F,South,2025-09-01,2025-12-30,2025-12-30,32,1,1,29614.62,29614.62,29614.62,49.0,1,0,0,Midsize,7.0,3
C-F0045805E814,Individual,45-54,M,West,2025-10-01,2025-10-03,2025-10-03,120,1,1,14517.21,14517.21,14517.21,25.0,0,1,0,Light Jet,6.0,3
C-88F4D0F0496A,Individual,45-54,M,International,2025-09-01,2025-09-24,2025-09-24,129,1,1,34099.94,34099.94,34099.94,14.0,1,0,0,Light Jet,,5
C-7829AED005E7,Individual,55-64,F,Northeast,2025-09-01,2025-11-25,2025-11-25,67,1,1,40325.28,40325.28,40325.28,8.0,1,0,0,Light Jet,,9
C-E275F6BBB1B1,Individual,45-54,M,South,2025-09-01,2025-11-17,2025-12-20,42,2,2,44404.94,44404.94,22202.47,35.5,1,1,0,Heavy Jet,,4
C-60B7E997B67B,Individual,45-54,M,Northeast,2025-09-01,2025-09-19,2025-09-19,134,1,1,46900.32,46900.32,46900.32,0.0,1,0,0,Heavy Jet,,2
C-AAFAB814FA06,Individual,35-44,M,West,2025-09-01,2025-09-20,2025-09-20,133,1,1,8845.81,8845.81,8845.81,1.0,0,1,0,Midsize,,3
C-446793057F30,Individual,55-64,F,South,2025-09-01,2025-09-22,2025-09-22,131,1,1,19625.15,19625.15,19625.15,2.0,0,1,0,Light Jet,,10
C-6DA80CC60A4D,Individual,55-64,M,Northeast,2025-11-01,2025-11-26,2025-11-26,66,1,1,46681.49,46681.49,46681.49,62.0,0,1,0,Super Mid,,6
C-69832A1268FC,Individual,65+,M,West,,2025-09-24,2025-09-24,129,1,1,14704.23,14704.23,14704.23,0.0,1,0,0,Midsize,0.0,9
C-626CDA9A99A3,Individual,45-54,F,West,2025-12-01,2025-12-08,2025-12-08,54,1,1,39027.18,39027.18,39027.18,9.0,0,1,0,Super Mid,,7
C-A979A0581B80,Individual,45-54,F,South,2025-12-01,2025-12-25,2025-12-25,37,1,1,26423.49,26423.49,26423.49,6.0,0,1,0,Midsize,,4
C-6A03FCEAE4AD,Individual,45-54,M,West,2025-10-01,2025-10-17,2025-10-17,106,1,1,16742.18,16742.18,16742.18,16.0,0,1,0,Super Mid,,5
C-CAEB4D0FA369,Individual,65+,M,South,2025-10-01,2025-10-08,2025-10-08,115,1,1,24987.37,24987.37,24987.37,4.0,0,1,0,Light Jet,,6
C-3280D0B77EAF,Individual,45-54,M,South,2025-09-01,2025-10-05,2025-10-15,108,2,2,31390.840000000004,31390.84,15695.42,2.5,0,2,0,Light Jet,,7
C-7C33F9768E63,Individual,45-54,M,Midwest,2025-10-01,2025-10-17,2025-10-17,106,1,1,22297.8,22297.8,22297.8,14.0,0,1,0,Midsize,8.0,2
C-032AD6B9FB5D,Individual,55-64,M,West,2025-10-01,2025-10-09,2025-10-09,114,1,1,33415.13,33415.13,33415.13,5.0,1,0,0,Ultra Long Range,,5
C-6ACBEED694F5,Individual,45-54,F,South,2025-10-01,2025-10-12,2026-01-30,1,7,7,162516.22,162516.22,23216.6,7.7,2,4,1,Midsize,,6
C-22BEE24F05BB,Individual,45-54,M,South,2025-10-01,2025-12-24,2026-01-29,2,4,4,57615.17,57615.17,14403.79,9.2,4,0,0,Heavy Jet,,4
C-72A1D38889AD,Individual,45-54,M,South,2025-10-01,2025-10-10,2025-11-20,72,4,4,99457.55,99457.55,24864.39,5.5,2,2,0,Midsize,3.0,3
C-DC39F3BF0E4C,Individual,55-64,M,South,2025-10-01,2025-10-25,2025-10-26,97,2,2,840874.2,840874.2,420437.1,13.0,0,2,0,Light Jet,,5
C-297184018E03,Individual,35-44,F,South,2025-12-01,2026-01-04,2026-01-04,27,1,1,14685.6,14685.6,14685.6,20.0,1,0,0,Super Mid,1.0,4
C-8BB2CD1CF57A,Individual,45-54,M,South,2025-11-01,2025-11-05,2025-11-05,87,1,1,17744.21,17744.21,17744.21,29.0,1,0,0,Heavy Jet,4.0,3
C-0591AB0C4DFF,Individual,35-44,Unknown,Northeast,2025-10-01,2025-11-12,2026-01-09,22,3,3,34153.130000000005,34153.13,11384.38,5.3,1,2,0,Ultra Long Range,7.0,7
C-82752F63DB32,Individual,55-64,M,West,2025-12-01,2025-12-18,2025-12-18,44,1,1,48260.85,48260.85,48260.85,68.0,0,1,0,Super Mid,4.0,3
C-F9BF5145E6DF,Individual,35-44,M,West,2025-10-01,2025-10-08,2025-10-08,115,1,1,12450.97,12450.97,12450.97,0.0,1,0,0,Midsize,,4
C-374AB9C527E2,Individual,45-54,M,West,2025-10-01,2025-10-11,2025-10-11,112,1,1,17767.33,17767.33,17767.33,1.0,0,1,0,Heavy Jet,,2
C-838A94E6617E,Individual,55-64,M,South,2025-10-01,2025-10-12,2025-10-12,111,1,1,12281.56,12281.56,12281.56,1.0,1,0,0,Super Mid,3.0,6
C-EB1CF1DF6A65,Individual,65+,F,International,2026-01-01,2026-01-30,2026-01-30,1,1,1,11611.58,11611.58,11611.58,58.0,1,0,0,Ultra Long Range,,7
C-2E9148C209BA,Individual,45-54,M,Midwest,2025-11-01,2025-12-22,2025-12-22,40,1,1,23283.82,23283.82,23283.82,21.0,1,0,0,Midsize,,4
C-C8BC94C05D34,Individual,45-54,M,West,2025-10-01,2025-10-21,2025-10-21,102,1,1,9995.88,9995.88,9995.88,5.0,1,0,0,Heavy Jet,,5
C-EB8C9353F4CE,Individual,65+,F,Midwest,2025-11-01,2025-11-08,2025-11-08,84,1,1,54778.28,54778.28,54778.28,18.0,0,1,0,Midsize,,6
C-534058A14472,Business,25-34,M,International,2025-10-01,2025-12-02,2026-01-13,18,2,2,63615.04,63615.04,31807.52,3.5,0,2,0,Midsize,4.0,3
C-F0FE8ABA3C53,Individual,25-34,F,Northeast,,2026-01-08,2026-01-29,2,2,2,48526.600000000006,48526.6,24263.3,5.5,2,0,0,Midsize,,4
C-7E595A278250,Individual,55-64,M,South,,2026-01-08,2026-01-08,23,1,1,39297.47,39297.47,39297.47,16.0,0,1,0,Midsize,,3
C-EBF63AEFF4EC,Individual,45-54,M,West,2025-10-01,2025-10-29,2025-10-29,94,1,1,9627.35,9627.35,9627.35,0.0,1,0,0,Light Jet,,3
C-4E682AAC47D5,Individual,35-44,F,West,2025-11-01,2025-11-02,2025-11-02,90,1,1,10214.4,10214.4,10214.4,1.0,1,0,0,Light Jet,,3
C-77402BF875CC,Business,55-64,F,West,2025-12-01,2025-12-16,2025-12-16,46,1,1,22342.05,22342.05,22342.05,27.0,0,1,0,Midsize,,11
C-677D101ADDFD,Business,45-54,M,Northeast,2025-12-01,2025-12-21,2025-12-21,41,1,1,13958.28,13958.28,13958.28,12.0,1,0,0,Light Jet,10.0,4
C-AF29A5B7E319,Individual,45-54,M,South,2025-11-01,2025-12-14,2025-12-17,45,2,2,37287.95,37287.95,18643.97,,2,0,0,Ultra Long Range,,4
C-1548B9B966EE,Individual,35-44,M,Northeast,,2025-11-21,2025-11-21,71,1,1,31618.2,31618.2,31618.2,9.0,1,0,0,Super Mid,,2
C-90088C90D0B5,Individual,55-64,M,International,2025-12-01,2025-12-23,2026-01-04,27,2,2,51875.770000000004,51875.77,25937.88,9.0,2,0,0,Ultra Long Range,2.0,5
C-7FA5ADC8BD6F,Individual,55-64,M,Northeast,2025-11-01,2025-11-19,2025-11-19,73,1,1,24327.55,24327.55,24327.55,5.0,0,1,0,Ultra Long Range,4.0,3
C-78233EC9B4D9,Business,45-54,Unknown,Northeast,2025-11-01,2025-11-29,2025-11-29,63,1,1,34320.04,34320.04,34320.04,5.0,1,0,0,Light Jet,,2
C-4269A517838F,Individual,65+,F,South,2025-11-01,2025-11-14,2025-11-16,76,2,2,19271.440000000002,19271.44,9635.72,,2,0,0,Heavy Jet,,3
C-EC853BCBE73D,Individual,35-44,F,Northeast,2026-01-01,2026-01-06,2026-01-06,25,1,1,11149.92,11149.92,11149.92,47.0,1,0,0,Super Mid,1.0,5
C-30F48101B712,Individual,35-44,F,Midwest,2025-11-01,2025-11-21,2025-11-21,71,1,1,16114.33,16114.33,16114.33,,1,0,0,Midsize,,6
C-B87F78A98C93,Individual,45-54,M,West,2025-12-01,2025-12-08,2025-12-10,52,2,2,36656.79,36656.79,18328.4,4.5,2,0,0,Light Jet,,3
C-F8AB19EA73E7,Individual,45-54,M,West,2025-12-01,2025-12-22,2025-12-22,40,1,1,42143.82,42143.82,42143.82,2.0,0,1,0,Super Mid,0.0,6
C-9BD4C24C64FB,Individual,45-54,Other,Northeast,2025-12-01,2025-12-27,2025-12-27,35,1,1,29381.76,29381.76,29381.76,11.0,0,1,0,Super Mid,8.0,2
C-D069FD30DD0F,Individual,45-54,M,West,2025-12-01,2025-12-25,2026-01-04,27,2,2,39468.130000000005,39468.13,19734.07,2.0,2,0,0,Light Jet,,1
C-D86E5BB57388,Individual,55-64,M,South,2025-12-01,2025-12-26,2025-12-26,36,1,1,52411.92,52411.92,52411.92,4.0,1,0,0,Super Mid,,5
C-F1FA6AA14D79,Individual,35-44,M,West,2026-01-01,2026-01-04,2026-01-04,27,1,1,80697.77,80697.77,80697.77,1.0,1,0,0,Heavy Jet,2.0,6
C-8664023065D1,Individual,65+,M,Northeast,2026-01-01,2026-01-05,2026-01-05,26,1,1,17538.16,17538.16,17538.16,0.0,0,1,0,Midsize,,2
C-BCF2E3BBB18C,Business,45-54,F,Northeast,2026-01-01,2026-01-19,2026-01-19,12,1,1,45148.26,45148.26,45148.26,5.0,0,1,0,Ultra Long Range,5.0,3
C-BEF0CFCBE7E8,Individual,55-64,F,West,2026-01-01,2026-01-22,2026-01-25,6,2,2,24707.010000000002,24707.01,12353.5,1.5,2,0,0,Light Jet,,2
C-40946ECF8CC1,Individual,55-64,M,International,2026-01-01,2026-01-29,2026-01-29,2,1,1,24900.81,24900.81,24900.81,6.0,1,0,0,Ultra Long Range,,4
C-64BB084FEE32,Individual,55-64,M,South,2026-01-01,2026-01-28,2026-01-28,3,1,1,15618.25,15618.25,15618.25,0.0,1,0,0,Midsize,,5
